������,��������,aienka,"",0,8,4,13,10,0",1

��������,����������,aishiau,",0,8,18,7,8,0,20",0

���},������,aizu,",0,8,25,20",1

�A�C�X�X�P�[�g,�����������[��,aisusukeeto,",0,8,18,20,18,20,10,4,4,19,14",1

�A�C�X�z�b�P�[,�������ق����[,aisuhokkee,",0,8,18,20,7,14,10,10,4,4",1

��,������,aida,",0,8,3,0",1

������,������,aitsu,",0,8,19,18,20",1

�A�C�f�B�A�i�A�C�f�A�j,�����ł���,aidia,",0,8,3,8,0",1

�`����,����,au,",0,20",0

��,��������,aozora,",0,14,25,14,17,0",1

�Ԃ��ۂ�,�������ۂ�,akappoi,",0,10,0,15,15,14,8",0

�O�����ۂ�,�������ۂ�,akippoi,",0,10,8,15,15,14,8",0

�O����,������,akiru,",0,10,8,17,20",0

����,��������,akushu,",0,10,20,18,7,20",1

�A�N�Z��,��������,akuseru,",0,10,20,18,4,17,20",1

������,������,akeru,",0,10,4,17,20",0

����,����,ago,",0,6,14",1

�������,���������,akogareru,",0,10,14,6,0,17,4,17,20",0

�r,����,ashi,",0,18,7,8",1

����,��������,ashikubi,",0,18,7,8,10,20,1,8",1

��������,��������,ajisai,",0,9,8,18,0,8",1

���t��,������,ajitsuke,",0,9,8,19,18,20,10,4",1

���키,�����키,ajiwau,",0,9,8,22,0,20",0

����,����,asu,",0,18,20",1

�a����,��������,azukeru,",0,25,20,10,4,17,20",0

������,������,asobi,",0,18,14,1,8",1

�^����,��������,ataeru,",0,19,0,4,17,20",0

������܂�,������܂�,atarimae,",0,19,0,17,8,12,0,4",1

������,������,ataru,",0,19,0,17,20",0

������,������,ataru,",0,19,0,17,20",0

����,������,atsukai,",0,19,18,20,10,0,8",1

����,������,atsukau,",0,19,18,20,10,0,20",0

��������,��������,assari,",0,18,18,0,17,8",0

�����Ƃ����Ԃ�,�����Ƃ����܂�,attoiumani,",0,19,19,14,8,20,12,0,13,8",0

����,����,atsumi,",0,19,18,20,12,8",1

���Ă�,���Ă�,ateru,",0,19,4,17,20",0

�A�h�o�C�X,���ǂ΂���,adobaisu,",0,3,14,1,0,8,18,20",1

��,����,ana,",0,13,0",1

�A�i�E���X,���Ȃ���,anaunsu,",0,13,0,20,13,18,20",1

��,���Ԃ�,abura,",0,1,20,17,0",1

�����ۂ�,���Ԃ���ۂ�,aburappoi,",0,1,20,17,0,15,15,14,8",0

�Â�,���܂�,amai,",0,12,0,8",0

�J��,���܂�,amagu,",0,12,0,6,20",1

�A�}�`���A,���܂��゠,amachua,",0,12,0,2,7,20,0",1

�Â�,���܂�,amami,",0,12,0,12,8",1

�A�����J���t�b�g�{�[��,���߂肩��ӂ��Ƃځ[��,amerikanfuttobooru,",0,12,4,17,8,10,0,13,5,20,19,19,14,1,14,14,17,20",1

������,���₵��,ayashii,",0,24,0,18,7,8,8",0

���߂�,���炽�߂�,aratamete,",0,17,0,19,0,12,4,19,4",0

�\���E�\�킷,����킷,arawasu,",0,17,0,22,0,18,20",0

�����E������,�������,arawareru,",0,17,0,22,0,17,4,17,20",0

�A��,����,ari,",0,17,8",1

�L��,���肪����,arigatai,",0,17,8,6,0,19,0,8",0

������x,����Ă���,aruteido,",0,17,20,19,4,8,3,14",0

���킹��,���킹��,awaseru,",0,22,0,18,4,17,20",0

�ĊO,���񂪂�,angai,",0,13,6,0,8",0

�A���P�[�g,���񂯁[��,ankeeto,",0,13,10,4,4,19,14",1

�Ă̒�,����̂��傤,annojou,",0,13,13,14,9,14,20",0

��������,��������,iiau,",8,8,0,20",0

����������,�����������,iikagenni,",8,8,10,0,6,4,13,13,8",0

�����ԈႢ,�����܂�����,iimachigai,",8,8,12,0,2,7,8,6,0,8",1

�ƒ�,�������イ,iejuu,",8,4,9,20,20",1

�C�G���[,������[,ieroo,",8,4,17,14,14",1

�ӊO,������,igai,",8,6,0,8",0

�`�ȊO,������,igai,",8,6,0,8",0

�ӊO�ɂ�,�������ɂ�,igainimo,",8,6,0,8,13,8,12,14",0

������,������,ikaga,",8,10,0,6,0",0

�����ɂ�,�����ɂ�,ikanimo,",8,10,0,13,8,12,14",0

������,������,ikiru,",8,10,8,17,20",0

�i�`�āj�����i�P�j,����,iku,",8,10,20",0

�i�`�āj�����i�Q�j,����,iku,",8,10,20",0

������,��������,izakaya,",8,25,0,10,0,24,0",1

�ӎ�,������,ishiki,",8,18,7,8,10,8",1

�ُ�,�����傤,ijou,",8,9,14,20",0

�ȑO�i�́j,������@,izen ,",8,25,4,13,-65",0

��,����,ita,",8,19,0",1

�ɂ�,������,itami,",8,19,0,12,8",1

�����߂�,�����߂�,itameru,",8,19,0,12,4,17,20",0

���,��������,ichiin,",8,2,7,8,8,13",1

�ꕔ,������,ichibu,",8,2,7,8,1,20",1

�ꐶ,�������傤,isshou,",8,18,18,7,14,20",1

��w,��������,issou,",8,18,18,14,20",0

�����ς�,�����ς�,ippai,",8,15,15,0,8",1

���,�����ς�,ippan,",8,15,15,0,13",1

��ʓI,�����ς�Ă�,ippanteki,",8,15,15,0,13,19,4,10,8",0

�ꕞ,�����Ղ�,ippuku,",8,15,15,20,10,20",1

���,�����ۂ�,ippou,",8,15,15,14,20",0

���,�����ۂ�,ippou,",8,15,15,14,20",1

���Ƃ�,���Ƃ�,itoko,",8,19,14,10,14",1

����,����,ima,",8,12,0",1

���ł�,���܂ł�,imadeha,",8,12,0,3,4,7,0",0

���ł�,���܂ł�,imademo,",8,12,0,3,4,12,14",0

���܂�,���܂܂�,imamade,",8,12,0,12,0,3,4",0

�C���[�W,���߁[��,imeeji,",8,12,4,4,9,8",1

���炢��,���炢��,iraira,",8,17,0,8,17,0",0

���,����傤,iryou,",8,17,24,14,20",1

�����,�����,iwaba,",8,22,0,1,0",0

������,������,iwayuru,",8,22,0,24,20,17,20",0

�����^�],���񂵂イ��Ă�,inshuunten,",8,13,18,7,20,20,13,19,4,13",1

�C���^�r���[,���񂽂т�[,intabyuu,",8,13,19,0,1,24,20,20",1

�E�C�X�L�[,���������[,uisukii,",20,8,18,20,10,8,8",1

�E�C���X,�����邷,uirusu,",20,8,17,20,18,20",1

�E�C���N,������,uinku,",20,8,13,10,20",1

�E�C���h�[�V���b�s���O,������ǁ[������҂�,uindooshoppingu,",20,8,13,3,14,14,18,7,14,15,15,8,13,6,20",1

�E�[��,���[��,uuru,",20,20,17,20",1

������,������,ukabu,",20,10,0,1,20",0

�����オ��,����������,ukiagaru,",20,10,8,0,6,0,17,20",0

��,����,ushi,",20,18,7,8",1

���p,�����낷����,ushirosugata,",20,18,7,8,17,14,18,20,6,0,19,0",1

���Â�,�������炢,usugurai,",20,18,20,6,20,17,0,8",0

����,����,uchi,",20,2,7,8",1

��������,��������,ukkari,",20,10,10,0,17,8",0

������,��������,utsukushii,",20,19,18,20,10,20,18,7,8,8",0

�r,����,ude,",20,3,4",1

���Ƃ���,���Ƃ���,utouto,",20,19,14,20,19,14",0

���Ȃ���,���Ȃ���,unazuku,",20,13,0,25,20,10,20",0

���܂�,���܂�,umaku,",20,12,0,10,20",0

���܂�,���܂�,umami,",20,12,0,12,8",1

���߂�,���߂�,umeru,",20,12,4,17,20",0

��������,���炪����,uragaaru,",20,17,0,6,0,0,17,20",0

���؂�,���炬��,uragiru,",20,17,0,6,8,17,20",0

�肢,����Ȃ�,uranai,",20,17,0,13,0,8",1

�肢�t,����Ȃ���,uranaishi,",20,17,0,13,0,8,18,7,8",1

�肤�@,����Ȃ�,uranau,",20,17,0,13,0,20",0

����グ,���肠��,uriage,",20,17,8,0,6,4",1

�J��,����傤,uryou,",20,17,24,14,20",1

�^,����,un,",20,13",1

�^��,���񂿂�,unchin,",20,13,2,7,8,13",1

�^�]��,����Ă񂵂�,untenshu,",20,13,19,4,13,18,7,20",1

�e��,�������傤,eikyou,",4,8,10,24,14,20",1

�q������,���������ق�����,eiseihousou,",4,8,18,4,8,7,14,20,18,14,20",1

�h�{,�����悤,eiyou,",4,8,24,14,20",1

�Ί�,������,egao,",4,6,0,14",1

SF�f��,�������ӂ�����,esuefueiga,",4,18,20,4,5,20,4,8,6,0",1

�G�X�j�b�N�i�����j,�����ɂ�����傤��,esunikkuryouri,",4,18,20,13,8,10,10,20,17,24,14,20,17,8",1

NK�i�זE�j,���ʂ��������ڂ�,enukeisaibou,",4,13,20,10,4,8,18,0,8,1,14,20",1

�G���[�g,����[��,eriito,",4,17,8,8,19,14",1

����,����,eru,",4,17,20",0

�~,����,en,",4,13",1

���Z,����,engi,",4,13,6,8",1

���|,���񂰂�,engei,",4,13,6,4,8",1

����,����,enji,",4,13,9,8",1

�G���X�g,���񂷂�,ensuto,",4,13,18,20,19,14",1

���t,���񂻂�,ensou,",4,13,18,14,20",1

�`�~��,���񂾂܁@,endama ,",4,13,3,0,12,0,-65",0

����,��������,ouen,",14,20,4,13",1

������,��������,oujiru,",14,20,9,8,17,20",0

��J,��������,ooame,",14,14,0,12,4",1

���,��������,ookata,",14,14,10,0,19,0",1

����,�����������傤,oosakajou,",14,14,18,0,10,0,9,14,20",1

�I�[�o�[,���[�΁[,oobaa,",14,14,1,0,0",0

�I�[�o�[,���[�΁[,oobaa,",14,14,1,0,0",1

��΂�,�����΂�,oobaka,",14,14,1,0,10,0",1

���,�����ނ���,oomukashi,",14,14,12,20,10,0,18,7,8",1

��Ɓi����j,������i����j,ooya(san),",14,14,24,0,-57,18,0,13,-56",1

���@,�����䂫,ooyuki,",14,14,24,20,10,8",1

��������,�����˂���,okanemochi,",14,10,0,13,4,12,14,2,7,8",1

�������,�������,okawari,",14,10,0,22,0,17,8",1

�{����ۂ�,��������ۂ�,okorippoi,",14,10,14,17,8,15,15,14,8",0

�N����,������,okoru,",14,10,14,17,20",0

�{��,������,okoru,",14,10,14,17,20",0

������,������,ogoru,",14,6,14,17,20",0

������,������,ojigi,",14,9,8,6,8",1

���ז����܂�,������܂��܂�,ojamashimasu,",14,9,0,12,0,18,7,8,12,0,18,20",0

������,����������,osouzai,",14,18,14,20,25,0,8",1

�������,�����ꂢ��,osoreiru,",14,18,14,17,4,8,17,20",0

�����,�������,osowaru,",14,18,14,22,0,17,20",0

���݂�,��������,otagai,",14,19,0,6,0,8",0

���݂��l�@,������������,otagaisama,",14,19,0,6,0,8,18,0,12,0",1

��������,������,ochitsuku,",14,2,7,8,19,18,20,10,20",0

���ł�,���ł�,odeko,",14,3,4,10,14",1

���N���,���Ƃ����,otoshiyori,",14,19,14,18,7,8,24,14,17,8",1

�K���,���Ƃ����,otozureru,",14,19,14,25,20,17,4,17,20",0

��l,���Ƃ�,otona,",14,19,14,13,0",1

���ƂȂ���,���ƂȂ���,otonashii,",14,19,14,13,0,18,7,8,8",0

��l���ۂ�,���ƂȂ��ۂ�,otonappoi,",14,19,14,13,0,15,15,14,8",0

����,���ǂ낭,odoroku,",14,3,14,17,14,10,20",0

�S,����,oni,",14,13,8",1

��������,���ɂ���,oniai,",14,13,8,0,8",1

���ɂ���,���ɂ���,onigiri,",14,13,8,6,8,17,8",1

�S������,���ɂ�����,onigokko,",14,13,8,6,14,10,10,14",1

�тт�,���т�,obiru,",14,1,8,17,20",0

�I�t�B�X,���ӂ���,ofisu,",14,5,8,18,20",1

���~,���ڂ�,obon,",14,1,14,13",1

�v���؂�,����������,omoikiri,",14,12,14,8,10,8,17,8",0

�v����,��������,omoitsuku,",14,12,14,8,19,18,20,10,20",0

�d��,������,omomi,",14,12,14,12,8",1

�v�킸,�����킸,omowazu,",14,12,14,22,0,25,20",0

�e�q,���₱,oyako,",14,24,0,10,14",1

�����,�����,oyatsu,",14,24,0,19,18,20",1

�e�w,������,oyayubi,",14,24,0,24,20,1,8",1

�I�����s�b�N,�����҂���,orinpikku,",14,17,8,13,15,8,10,10,20",1

����,���ꂢ,orei,",14,17,4,8",1

�I�����W,�����,orenji,",14,17,4,13,9,8",1

�`�I���,�����,owaru,",14,22,0,17,20",0

����,���񂵂�,onshitsu,",14,13,18,7,8,19,18,20",1

���g��,���񂾂�,ondanka,",14,13,3,0,13,10,0",1

���x,�����,ondo,",14,13,3,14",1

����,��������,kaiketsu,",10,0,8,10,4,19,18,20",1

�O�o,���������,gaishutsu,",6,0,8,18,7,20,19,18,20",1

�C��,��������,kaisui,",10,0,8,18,20,8",1

�`��,��������,kaisei,",10,0,8,18,4,8",0

�����i�d�ԁj,��������,kaisoku,",10,0,8,18,14,10,20",1

���K,�����Ă�,kaiteki,",10,0,8,19,4,10,8",0

������,�����ʂ�,kainushi,",10,0,8,13,20,18,7,8",1

���,������,kaihi,",10,0,8,7,8",1

�J�E���^�[,�����񂽁[,kauntaa,",10,0,20,13,19,0,0",1

��������,��������,kaette,",10,0,4,19,19,4",0

�ウ��,������,kaeru,",10,0,4,17,20",0

����,������,kaori,",10,0,14,17,8",1

���,����,gaka,",6,0,10,0",1

���w,������,kagaku,",10,0,6,0,10,20",1

���w������,���������傤�݂�傤,kagakuchoumiryou,",10,0,6,0,10,20,2,7,14,20,12,8,17,24,14,20",1

�Ȋw�I,�������Ă�,kagakuteki,",10,0,6,0,10,20,19,4,10,8",0

������,������,kakato,",10,0,10,0,19,14",1

����,������,kagiru,",10,0,6,8,17,20",0

�i��,��������,kakugen,",10,0,10,20,6,4,13",1

�w�K,�������イ,gakushuu,",6,0,10,20,18,7,20,20",1

�B��,������,kakusu,",10,0,10,20,18,20",0

�e�n,������,kakuchi,",10,0,10,20,2,7,8",1

�i���Z,�����Ƃ���,kakutougi,",10,0,10,20,19,14,20,6,8",1

�w��,������,gakuhi,",6,0,10,20,7,8",1

�z��,�����Ԃ�,gakubuchi,",6,0,10,20,1,20,2,7,8",1

�w��,�����ꂫ,gakureki,",6,0,10,20,17,4,10,8",1

�B���,�������,kakureru,",10,0,10,20,17,4,17,20",0

������,������,kakeru,",10,0,10,4,17,20",0

�|����,������,kakeru,",10,0,10,4,17,20",0

�ߋ�,����,kako,",10,0,10,14",1

�΍�,������,kasai,",10,0,18,0,8",1

�d�Ȃ�,�����Ȃ�,kasanaru,",10,0,18,0,13,0,17,20",0

�d�˂�,�����˂�,kasaneru,",10,0,18,0,13,4,17,20",0

�ΎR,������,kazan,",10,0,25,0,13",1

����,��������,kashikoi,",10,0,18,7,8,10,14,8",0

��,����,kazu,",10,0,25,20",1

��,����,kata,",10,0,19,0",1

�Б�,��������,katagawa,",10,0,19,0,6,0,22,0",1

��荇��,�����肠��,katariau,",10,0,19,0,17,8,0,20",0

�`����,����,gachi,",6,0,2,7,8",0

�ے�,�����傤,kachou,",10,0,2,7,14,20",1

�w��,������,gakki,",6,0,10,10,8",1

����������,����������,kakkoii,",10,0,10,10,14,8,8",0

�w�Z��,�����������イ,gakkoujuu,",6,0,10,10,14,20,9,20,20",1

����,�����ς�,kappatsu,",10,0,15,15,0,19,18,20",0

�J�b�v��,�����Ղ�,kappuru,",10,0,15,15,20,17,20",1

����,���₭,katsuyaku,",10,0,19,18,20,24,0,10,20",1

�ƒ�,���Ă�,katei,",10,0,19,4,8",1

��,����,kado,",10,0,3,14",1

�߂���,���Ȃ���,kanashimi,",10,0,13,0,18,7,8,12,8",1

���Â�,���ȂÂ�,kanazuchi,",10,0,13,0,25,20,2,7,8",1

�K������,���Ȃ炸����,kanarazushimo,",10,0,13,0,17,0,25,20,18,7,8,12,14",0

������,���˂���,kanemochi,",10,0,13,4,12,14,2,7,8",1

�\,���̂�,kanou,",10,0,13,14,20",0

����,����,kabi,",10,0,1,8",1

�䖝,���܂�,gaman,",6,0,12,0,13",1

���^,���݂���,kamigata,",10,0,12,8,6,0,19,0",1

�_�l,���݂���,kamisama,",10,0,12,8,18,0,12,0",1

���݂�,���݂�,kamitsuku,",10,0,12,8,19,18,20,10,20",0

��,���݂Ȃ�,kaminari,",10,0,12,8,13,0,17,8",1

����,���݂�,kamin,",10,0,12,8,13",1

�J�����}��,���߂�܂�,kameraman,",10,0,12,4,17,0,12,0,13",1

���炪��,���炪��,garagara,",6,0,17,0,6,0,17,0",0

�J���X,���炷,karasu,",10,0,17,0,18,20",1

�̂�,���炾��,karadatsuki,",10,0,17,0,3,0,19,18,20,10,8",1

�������,�������,karatto,",10,0,17,0,19,19,14",0

���,�����,karate,",10,0,17,0,19,4",1

�h��,�����,karami,",10,0,17,0,12,8",1

������,������,gararito,",6,0,17,0,17,8,19,14",0

����,����イ,karyuu,",10,0,17,24,20,20",1

�y��,���邭,karuku,",10,0,17,20,10,20",0

�K���[�W,����[��,gareeji,",6,0,17,4,4,9,8",1

�ނ�,�����,karera,",10,0,17,4,17,0",1

������,���킩��,kawakasu,",10,0,22,0,10,0,18,20",0

�쉺��,���킭����,kawakudari,",10,0,22,0,10,20,3,0,17,8",1

����,���킷,kawasu,",10,0,22,0,18,20",0

����,������,kawarini,",10,0,22,0,17,8,13,8",1

����,�����,kawaru,",10,0,22,0,17,20",0

�`��,����,kan,",10,0,13",0

�K��,����,gan,",6,0,13",1

�l������,���񂪂�����,kangaegoto,",10,0,13,6,0,4,6,14,19,14",1

���񂩂��,���񂩂��,kankanni,",10,0,13,10,0,13,13,8",0

�ϋq,���񂫂Ⴍ,kankyaku,",10,0,13,10,24,0,10,20",1

��,���񂫂傤,kankyou,",10,0,13,10,24,14,20",1

�֌W��,���񂯂�����,kankeisha,",10,0,13,10,4,8,18,7,0",1

����,����,kango,",10,0,13,6,14",1

�ό��n,���񂱂���,kankouchi,",10,0,13,10,14,20,2,7,8",1

�Ō�w,���񂲂�,kangofu,",10,0,13,6,14,5,20",1

�ώ@,���񂳂�,kansatsu,",10,0,13,18,0,19,18,20",1

�ӏ�,���񂵂傤,kanshou,",10,0,13,18,7,14,20",1

������,���񂶂�,kanjiru,",10,0,13,9,8,17,20",0

���S,���񂵂�,kanshin,",10,0,13,18,7,8,13",1

�֐S,���񂵂�,kanshin,",10,0,13,18,7,8,13",1

�ւ���,���񂷂�,kansuru,",10,0,13,18,20,17,20",0

������,���񂹂�,kansei,",10,0,13,18,4,8",1

���S��,���񂺂��,kanzenni,",10,0,13,25,4,13,13,8",0

���z,���񂻂�,kansou,",10,0,13,18,14,20",1

���z��,���񂻂��Ԃ�,kansoubun,",10,0,13,18,14,20,1,20,13",1

�֓��i�n���j,����Ƃ�,kantou,",10,0,13,19,14,20",1

�ٓ�,����Ȃ�,kannai,",10,0,13,13,0,8",1

��],����ڂ�,ganbou,",6,0,13,1,14,20",1

���a�i���T�j,�����i���Ă�j,kanwa(jiten),",10,0,13,22,0,-57,9,8,19,4,13,-56",1

�L�[�L�[,���[���[,kiikii,",10,8,8,10,8,8",0

�c��,������,giin,",6,8,8,13",1

�C��,������,kion,",10,8,14,13",1

�C������,��������,kigasuru,",10,8,6,0,18,20,17,20",0

�C�y��,�������,kigaruni,",10,8,6,0,17,20,13,8",0

����,������,kikan,",10,8,10,0,13",1

�@��,������@,kikan ,",10,8,10,0,13,-65",1

���,�����傤,kigyou,",10,8,6,24,14,20",1

����,����,kiku,",10,8,10,20",0

�C��,������,kikou,",10,8,10,14,20",1

�A��,������,kikoku,",10,8,10,14,10,20",1

�L��,����,kiji,",10,8,9,8",1

�Z�t,����,gishi,",6,8,18,7,8",1

�C�ہi���j,�����傤�i���傤�j,kishou(chou),",10,8,18,7,14,20,-57,2,7,14,20,-56",1

�A��,������,kisei,",10,8,18,4,8",1

����,������,kitai,",10,8,19,0,8",1

�A��,������,kitaku,",10,8,19,0,10,20",1

�i��,������,kitsuen,",10,8,19,18,20,4,13",1

����,����,kitsune,",10,8,19,18,20,13,4",1

�C�ɓ���,���ɂ���,kiniiru,",10,8,13,8,8,17,20",0

�M�l�X�u�b�N,���˂��Ԃ���,ginesubukku,",6,8,13,4,18,20,1,20,10,10,20",1

�L�O,���˂�,kinen,",10,8,13,4,13",1

���̂�,���̂�,kinoko,",10,8,13,14,10,14",1

��],���ڂ�,kibou,",10,8,1,14,20",1

��{�I,���ق�Ă�,kihonteki,",10,8,7,14,13,19,4,10,8",0

�����i�����j,���܂i������j,kimatsu(shiken),",10,8,12,0,19,18,20,-57,18,7,8,10,4,13,-56",1

���܂�,���܂�,kimaru,",10,8,12,0,17,20",0

�`��,����,gimu,",6,8,12,20",1

�^��,������,gimon,",6,8,12,14,13",1

�M���[�M���[,����[����[,gyaagyaa,",6,24,0,0,6,24,0,0",0

�t��,���Ⴍ��,gyakuni,",6,24,0,10,20,13,8",0

�M�����u��,�����Ԃ�,gyanburu,",6,24,0,13,1,20,17,20",1

��,���イ,kyuu,",10,24,20,20",1

�x�e��,���イ��������,kyuukeishitsu,",10,24,20,20,10,4,8,18,7,8,19,18,20",1

�x�e��,���イ��������,kyuukeijo,",10,24,20,20,10,4,8,9,14",1

����,���イ����,kyuusaku,",10,24,20,20,18,0,10,20",1

�}�u���[�L,���イ�Ԃ�[��,kyuubureeki,",10,24,20,20,1,20,17,4,4,10,8",1

�}�p,���イ�悤,kyuuyou,",10,24,20,20,24,14,20",1

������i�Ɓj,�������,gyutto,",6,24,20,19,19,14",0

���Z��,���傤�����傤,kyougijou,",10,24,14,20,6,8,9,14,20",1

����,���傤����,kyouju,",10,24,14,20,9,20",1

���K��,���傤���イ����,kyoushuujo,",10,24,14,20,18,7,20,20,9,14",1

����,���傤����,kyousou,",10,24,14,20,18,14,20",1

����,���傤���傤,kyouchou,",10,24,14,20,2,7,14,20",1

����,���傤��,kyoutsuu,",10,24,14,20,19,18,20,20",1

���ʓ_,���傤���Ă�,kyoutsuuten,",10,24,14,20,19,18,20,20,19,4,13",1

�s��,���傤���,gyouretsu,",6,24,14,20,17,4,19,18,20",1

����,���催�傤,gyogyou,",6,24,14,6,24,14,20",1

����,�����,kyori,",10,24,14,17,8",1

��,����,kiri,",10,8,17,8",1

�L�^,���낭,kiroku,",10,8,17,14,10,20",1

���i�F�j,����,kin,",10,8,13",1

��i�F�j,����,gin,",6,8,13",1

���t��,���񂩂���,kinkakuji,",10,8,13,10,0,10,20,9,8",1

��,��������,kuushitsu,",10,20,20,18,7,8,19,18,20",1

���,��������,kuusha,",10,20,20,18,7,0",1

�O�[�`���L�p�[,���[���傫�ρ[,guuchokipaa,",6,20,20,2,7,14,10,8,15,0,0",1

�N�[���[,���[��[,kuuraa,",10,20,20,17,0,0",1

�L��,������,kusai,",10,20,18,0,8",0

����,������,kusaru,",10,20,18,0,17,20",0

��������,��������,kusukusu,",10,20,18,20,10,20,18,20",0

��w,��������,kusuriyubi,",10,20,18,20,17,8,24,20,1,8",1

�����,�������,kuzureru,",10,20,25,20,17,4,17,20",0

��̓I,�������Ă�,gutaiteki,",6,20,19,0,8,19,4,10,8",0

����,������,kudaru,",10,20,3,0,17,20",0

�����΂�,�����΂�,kuchibashi,",10,20,2,7,8,1,0,18,7,8",1

�O,�����т�,kuchibiru,",10,20,2,7,8,1,8,17,20",1

��������,��������,gussuri,",6,20,18,18,20,17,8",0

������,������,kuttsuku,",10,20,19,19,18,20,10,20",0

��,����,kubi,",10,20,1,8",1

�����,���т�����,kubikazari,",10,20,1,8,10,0,25,0,17,8",1

��ɂȂ�,���тɂȂ�,kubininaru,",10,20,1,8,13,8,13,0,17,20",0

�H�v,���ӂ�,kufuu,",10,20,5,20,20",1

���,���ׂ�,kubetsu,",10,20,1,4,19,18,20",1

�g��,����,kumu,",10,20,12,20",0

�_,����,kumo,",10,20,12,14",1

�N���N�V����,���炭�����,kurakushon,",10,20,17,0,10,20,18,7,14,13",1

��炷,���炷,kurasu,",10,20,17,0,18,20",0

�O���X,���炷,gurasu,",6,20,17,0,18,20",1

�N���X��,���炷���イ,kurasujuu,",10,20,17,0,18,20,9,20,20",1

�O���t�B�b�N,����ӂ�����,gurafikku,",6,20,17,0,5,8,10,10,20",1

��ׂ�,����ׂ�,kuraberu,",10,20,17,0,1,4,17,20",0

�O���[��,����[��,guriin,",6,20,17,8,8,13",1

�J��Ԃ�,���肩����,kurikaesu,",10,20,17,8,10,0,4,18,20",0

�i�`�āj����i�Q�j,����,kuru,",10,20,17,20",0

�i�`�āj����i�P�j,����,kuru,",10,20,17,20",0

����,���邤,kuruu,",10,20,17,20,20",0

�Ԃ���,����܂���,kurumaisu,",10,20,17,20,12,0,8,18,20",1

�O���[,����[,guree,",6,20,17,4,4",1

����,���남��,kuroobi,",10,20,17,14,14,1,8",1

�N���[���i�l�ԁj,����[��ɂ񂰂�,kuroonningen,",10,20,17,14,14,13,13,8,13,6,4,13",1

�����ۂ�,������ۂ�,kuroppoi,",10,20,17,14,15,15,14,8",0

�R��,���񂽂�,guntai,",6,20,13,19,0,8",1

�P��,������,kunren,",10,20,13,17,4,13",1

�o�c,��������,keiei,",10,4,8,4,8",1

�o�c��,������������,keieisha,",10,4,8,4,8,18,7,0",1

�v��,��������,keikaku,",10,4,8,10,0,10,20",1

�i�C,������,keiki,",10,4,8,10,8",1

�Y��,������,keiji,",10,4,8,9,8",1

�`��,��������,keishiki,",10,4,8,18,7,8,10,8",1

�|�p,���������,geijutsu,",6,4,8,9,20,19,18,20",1

�Q�[��,���[��,geemu,",6,4,4,12,20",1

����,�������傤,gekijou,",6,4,10,8,9,14,20",1

����,�����傤,keshou,",10,4,18,7,14,20",1

�Q�X�g,������,gesuto,",6,4,18,20,19,14",1

����,����,kechi,",10,4,2,7,8",0

����,����,ketsui,",10,4,19,18,20,8",1

���t,������,ketsueki,",10,4,19,18,20,4,10,8",1

����,������,kekka,",10,4,10,10,0",1

����,�������イ,gekkyuu,",6,4,10,10,24,20,20",1

��������,��������,kekkou,",10,4,10,10,14,20",0

������,��������,kesshite,",10,4,18,18,7,8,19,4",0

������,�������傤����,kesshousen,",10,4,18,18,7,14,20,18,4,13",1

����,��������,kesseki,",10,4,18,18,4,10,8",1

����,���܂�,getsumatsu,",6,4,19,18,20,12,0,19,18,20",1

��,���ނ�,kemuri,",10,4,12,20,17,8",1

���炰��,���炰��,geragera,",6,4,17,0,6,4,17,0",0

�`����ǁi���j,����ǂ�,keredomo,",10,4,17,4,3,14,12,14",0

�`��,����,ken,",10,4,13",0

���E,���񂩂�,genkai,",6,4,13,10,0,8",1

����,����,kensa,",10,4,13,18,0",1

����,���񂴂�,genzai,",6,4,13,25,0,8",1

����,���񂶂�,genjitsu,",6,4,13,9,8,19,18,20",1

����,���񂵂傤,genshou,",6,4,13,18,7,14,20",1

����,����Ƃ�,kentou,",10,4,13,19,14,20",1

�q,��,ko,",10,14",1

��,����,koi,",10,14,8",1

����,������,kouka,",10,14,20,10,0",1

�q�C,��������,koukai,",10,14,20,10,0,8",1

���,��������,koukai,",10,14,20,10,0,8",1

�H�w,��������,kougaku,",10,14,20,6,0,10,20",1

���ʓI,�������Ă�,koukateki,",10,14,20,10,0,19,4,10,8",0

�D��S,����������,koukishin,",10,14,20,10,8,18,7,8,13",1

����,�������傤,koukyou,",10,14,20,10,24,14,20",1

�H��,�������傤,kougyou,",10,14,20,6,24,14,20",1

���Z��,������������,koukousei,",10,14,20,10,14,20,18,4,8",1

�H��,������,kouji,",10,14,20,9,8",1

���,��������,kousha,",10,14,20,18,7,0",1

���O�d�b,�������イ�ł��,koushuudenwa,",10,14,20,18,7,20,20,3,4,13,22,0",1

�^��,��������,kouzui,",10,14,20,25,20,8",1

�������H,���������ǂ���,kousokudouro,",10,14,20,18,14,10,20,3,14,20,17,14",1

�Z��,�������傤,kouchou,",10,14,20,2,7,14,20",1

��ʔ�,��������,koutsuuhi,",10,14,20,19,18,20,20,7,8",1

�s��,�����ǂ�,koudou,",10,14,20,3,14,20",1

�Z��,�����Ȃ�,kounai,",10,14,20,13,0,8",1

���M��,�����˂�,kounetsuhi,",10,14,20,13,4,19,18,20,7,8",1

��y,�����͂�,kouhai,",10,14,20,7,0,8",1

�㔼,�����͂�,kouhan,",10,14,20,7,0,13",1

����,�����ӂ�,koufun,",10,14,20,5,20,13",1

������,�����ނ���,koumuin,",10,14,20,12,20,8,13",1

�`����,������,goume,",6,14,20,12,4",0

�R�[�h,���[��,koodo,",10,14,14,3,14",1

�R�[�i�[,���[�ȁ[,koonaa,",10,14,14,13,0,0",1

�X,������,koori,",10,14,14,17,8",1

����,������,kooru,",10,14,14,17,20",0

�S�[��,���[��,gooru,",6,14,14,17,20",1

�S�[���f���E�C�[�N,���[��ł񂤂��[��,gooruden'uiiku,",6,14,14,17,20,3,4,13,-58,20,8,8,10,20",1

�S�[���h,���[���,goorudo,",6,14,14,17,20,3,14",1

���,������,gokai,",6,14,10,0,8",1

���Z,������,kokugi,",10,14,10,20,6,8",1

����,������,kokugo,",10,14,10,20,6,14",1

����,��������,kokuseki,",10,14,10,20,18,4,10,8",1

����,�����΂�,kokuban,",10,14,10,20,1,0,13",1

����,�����݂�,kokumin,",10,14,10,20,12,8,13",1

���A�i�����ۘA���j,�������i����������񂲂��j,kokuren,",10,14,10,20,17,4,13",1

�ł���,������,kogeru,",10,14,6,4,17,20",1

�S,������,kokoro,",10,14,10,14,17,14",1

��,����,koshi,",10,14,18,7,8",1

���K,������,kozeni,",10,14,25,4,13,8",1

��������,��������,gochisou,",6,14,2,7,8,18,14,20",1

����c��,��������������,kokkaigiin,",10,14,10,10,0,8,6,8,8,13",1

����,������,kokki,",10,14,10,10,8",1

�����Ă�,�����Ă�,kotteri,",10,14,19,19,4,17,8",0

�قȂ�,���ƂȂ�,kotonaru,",10,14,19,14,13,0,17,20",0

�`���Ƃ�,���Ƃ�,gotoni,",6,14,19,14,13,8",0

�q�����ۂ�,���ǂ����ۂ�,kodomoppoi,",10,14,3,14,12,14,15,15,14,8",0

���Ƃ킴,���Ƃ킴,kotowaza,",10,14,19,14,22,0,25,0",1

�f��,���Ƃ��,kotowaru,",10,14,19,14,22,0,17,20",0

���́i�`�N�j,����,kono,",10,14,13,14",0

���̕��ł�,���̂Ԃ�ł�,konobundeha,",10,14,13,14,1,20,13,3,4,7,0",0

�ʂ�,���ׂ�,kobetsuni,",10,14,1,4,19,18,20,13,8",0

���܂���,���܂���,gomakasu,",6,14,12,0,10,0,18,20",0

�R�~���j�P�[�V����,���݂�ɂ��[�����,komyunikeeshon,",10,14,12,24,20,13,8,10,4,4,18,7,14,13",1

���w,�����,koyubi,",10,14,24,20,1,8",1

������,���炢����,goraikou,",6,14,17,0,8,10,14,20",1

����,����,koru,",10,14,17,20",0

����܂�,����܂�,koremade,",10,14,17,4,12,0,3,4",0

�����,�����,korera,",10,14,17,4,17,0",0

�E��,���낷,korosu,",10,14,17,14,18,20",0

����,���񂩂�,konkai,",10,14,13,10,0,8",1

�R���N�[��,���񂭁[��,konkuuru,",10,14,13,10,20,20,17,20",1

�����I,���񂹂���,konseiki,",10,14,13,18,4,8,10,8",1

�R���^�N�g�����Y,���񂽂��Ƃ��,kontakutorenzu,",10,14,13,19,0,10,20,19,14,17,4,13,25,20",1

�R���r�j,����т�,konbini,",10,14,13,1,8,13,8",1

�U�[�U�[�i�Ɓj,���[���[,zaazaa,",25,0,0,25,0,0",0

�ō�,��������,saikou,",18,0,8,10,14,20",1

�זE,�����ڂ�,saibou,",18,0,8,1,14,20",1

��,����,saka,",18,0,10,0",1

�t����,��������,sakasama,",18,0,10,0,18,0,12,0",1

����,������,sakan,",18,0,10,0,13",0

��,����,saki,",18,0,10,8",1

���,�����傤,sagyou,",18,0,6,24,14,20",1

�쎌��,��������,sakushika,",18,0,10,20,18,7,8,10,0",1

��N,�����˂�,sakunen,",18,0,10,20,13,4,13",1

���,�����΂�,sakuban,",18,0,10,20,1,0,13",1

��i,�����Ђ�,sakuhin,",18,0,10,20,7,8,13",1

�`���,������,sakume,",18,0,10,20,12,4",0

�앨,��������,sakumotsu,",18,0,10,20,12,14,19,18,20",1

����,������,sakebu,",18,0,10,4,1,20",0

�w��,����,sasu,",18,0,18,20",0

����,����,sazo,",18,0,25,14",0

���,������,sakka,",18,0,10,10,0",1

���o,��������,sakkaku,",18,0,10,10,0,10,20",1

��ȉ�,�������傭��,sakkyokuka,",18,0,10,10,24,14,10,20,10,0",1

��������,��������,sassoku,",18,0,18,18,14,10,20",0

������,������,satto,",18,0,19,19,14",0

���ڂ�,���ڂ�,saboru,",18,0,1,14,17,20",0

�l�X,���܂���,samazama,",18,0,12,0,25,0,12,0",0

���C,���ނ�,samuke,",18,0,12,20,10,4",1

���E����,���䂤����,sayuusuru,",18,0,24,20,20,18,20,17,20",0

���炴��,���炴��,zarazara,",25,0,17,0,25,0,17,0",0

�����,�����,sarani,",18,0,17,0,13,8",0

�O�p�i�`�j,���񂩂��i�����j,sankaku(kei),",18,0,13,10,0,10,20,-57,10,4,8,-56",1

�Y�Ɓ^�`�Y��,���񂬂傤,sangyou,",18,0,13,6,24,14,20",1

�Q�l,���񂱂�,sankou,",18,0,13,10,14,20",1

�Z��,���񂷂�,sansuu,",18,0,13,18,20,20",1

���h��,�������炢,shiokarai,",18,7,8,14,10,0,17,0,8",0

����,������,jikai,",9,8,10,0,8",1

���w,������,shigaku,",18,7,8,6,0,10,20",1

�l�p�i�`�j,�������i�����j,shikaku(kei),",18,7,8,10,0,10,20,-57,10,4,8,-56",1

�l�p��,��������,shikakui,",18,7,8,10,0,10,20,8",0

����,����,jiki,",9,8,10,8",1

����,�����イ,jikyuu,",9,8,10,24,20,20",1

��������,��������,shikushiku,",18,7,8,10,20,18,7,8,10,20",0

�h��,������,shigeki,",18,7,8,6,4,10,8",1

����,������,shigen,",18,7,8,6,4,13",1

����,������,shisha,",18,7,8,18,7,0",1

���M,������,jishin,",9,8,18,7,8,13",1

���g,������,jishin,",9,8,18,7,8,13",1

�{��,������,shisetsu,",18,7,8,18,4,19,18,20",1

����,������,jidai,",9,8,3,0,8",1

�]��,��������,shitagau,",18,7,8,19,0,6,0,20",0

������,��������,shitagaki,",18,7,8,19,0,6,0,10,8",1

������,�����傤���,shichouritsu,",18,7,8,2,7,14,20,17,8,19,18,20",1

��,����,shitsu,",18,7,8,19,18,20",1

��������,��������,shikkari,",18,7,8,10,10,0,17,8",0

��������,��������,shikkari,",18,7,8,10,10,0,17,8",0

����,��������,jikkan,",9,8,10,10,0,13",1

����,����,shitsuke,",18,7,8,19,18,20,10,4",1

������,������,shitsukeru,",18,7,8,19,18,20,10,4,17,20",0

����,������,jitsugen,",9,8,19,18,20,6,4,13",1

���ہi�Ɂj��,���������i�Ɂj��,jissai(ni)ha,",9,8,18,18,0,8,-57,13,8,-56,7,0",0

���ۂ�,����������,jissaini,",9,8,18,18,0,8,13,8",0

���x,����,shitsudo,",18,7,8,19,18,20,3,14",1

����,���Ȃ�,shitsunai,",18,7,8,19,18,20,13,0,8",1

����,����,jitsuni,",9,8,19,18,20,13,8",0

����,����傭,jitsuryoku,",9,8,19,18,20,17,24,14,10,20",1

����,���ǂ�,jidou,",9,8,3,14,20",1

����,���ǂ�,jidou,",9,8,3,14,20",1

�����I��,���ǂ��Ă���,jidoutekini,",9,8,3,14,20,19,4,10,8,13,8",0

���Ƃ���,���Ƃ���,shitoshito,",18,7,8,19,14,18,7,8,19,14",0

���΂炭����,���΂炭����,shibarakushite,",18,7,8,1,0,17,0,10,20,18,7,8,19,4",0

���S,���ڂ�,shibou,",18,7,8,1,14,20",1

�u�],���ڂ�,shibou,",18,7,8,1,14,20",1

����,���܂�,jiman,",9,8,12,0,13",1

�s��,���݂�,shimin,",18,7,8,12,8,13",1

����,���߂���,shimekiri,",18,7,8,12,4,10,8,17,8",1

���ߐ؂�,���߂���,shimekiru,",18,7,8,12,4,10,8,17,20",0

���߂���,���߂���,jimejime,",9,8,12,4,9,8,12,4",0

�����ۂ�,���߂��ۂ�,shimeppoi,",18,7,8,12,4,15,15,14,8",0

����,���߂�,shimeru,",18,7,8,12,4,17,20",0

�n��,������,jimoto,",9,8,12,14,19,14",1

�Ј�,���Ⴂ��,shain,",18,7,0,8,13",1

�Љ�l,���Ⴉ������,shakaijin,",18,7,0,10,0,8,9,8,13",1

�Ԍ�,���Ⴑ,shako,",18,7,0,10,14",1

�Ԑ�,���Ⴙ��,shasen,",18,7,0,18,4,13",1

�ԓ�,����Ȃ�,shanai,",18,7,0,13,0,8",1

����ׂ�,����ׂ�,shaberu,",18,7,0,1,4,17,20",0

�ז�,����܂���,jamasuru,",9,0,12,0,18,20,17,20",0

����񂯂�,����񂯂�,janken,",9,0,13,10,4,13",1

�u����񂯂�A�ۂ�v,����񂯂�ۂ�,jankenpon,",9,0,13,10,4,13,15,14,13",0

�`��,���イ,shuu,",18,7,20,20",0

�`��,���イ,juu,",9,20,20",0

�T����,���イ����,shuukanshi,",18,7,20,20,10,0,13,18,7,8",1

�@��,���イ���傤,shuukyou,",18,7,20,20,10,24,14,20",1

�]�ƈ�,���イ���傤����,juugyouin,",9,20,20,6,24,14,20,8,13",1

�W��,���イ����,shuugou,",18,7,20,20,6,14,20",1

�C�m�ے�,���イ�����Ă�,shuushikatei,",18,7,20,20,18,7,8,10,0,19,4,8",1

�A�E,���イ���傭,shuushoku,",18,7,20,20,18,7,14,10,20",1

�a��,���イ����,juutai,",9,20,20,19,0,8",1

�d��,���イ����,juudai,",9,20,20,3,0,8",0

�W���I��,���イ���イ�Ă�,shuuchuuteki,",18,7,20,20,2,7,20,20,19,4,10,8",0

�`����,���イ��,juuni,",9,20,20,13,8",0

�d�v,���イ�悤,juuyou,",9,20,20,24,14,20",0

�剉,���ウ��,shuen,",18,7,20,4,13",1

���Ɨ�,���ガ�傤��傤,jugyouryou,",9,20,6,24,14,20,17,24,14,20",1

��,���サ�傤,shushou,",18,7,20,18,7,14,20",1

��l��,���ザ�񂱂�,shujinkou,",18,7,20,9,8,13,10,14,20",1

�o��,�������,shukka,",18,7,20,10,10,0",1

�o�Y,���������,shussan,",18,7,20,18,18,0,13",1

�o��,���������,shussha,",18,7,20,18,18,7,0",1

�o��,������傤,shutsujou,",18,7,20,19,18,20,9,14,20",1

�o�g,���������,shusshin,",18,7,20,18,18,7,8,13",1

�o��,�������,shusse,",18,7,20,18,18,4",1

����,����݂傤,jumyou,",9,20,12,24,14,20",1

�`��,���傤,shou,",18,7,14,20",0

�`��,���傤,jou,",9,14,20",0

���,���傤��,joui,",9,14,20,8",1

���w�`�N��,���傤�����`�˂񂹂�,shougaku~nensei,",18,7,14,20,6,0,10,20,29,13,4,13,18,4,8",1

���w��,���傤��������,shougakusei,",18,7,14,20,6,0,10,20,18,4,8",1

���傤���Ȃ�,���傤���Ȃ�,shouganai,",18,7,14,20,6,0,13,0,8",0

����,���傤��,shougi,",18,7,14,20,6,8",1

�㋉,���傤���イ,joukyuu,",9,14,20,10,24,20,20",1

�㋞,���傤���傤,joukyou,",9,14,20,10,24,14,20",1

���ɓI,���傤���傭�Ă�,shoukyokuteki,",18,7,14,20,10,24,14,10,20,19,4,10,8",0

����,���傤����,jouken,",9,14,20,10,4,13",1

��i,���傤��,joushi,",9,14,20,18,7,8",1

����,���傤����,shousha,",18,7,14,20,18,7,0",1

���,���傤����,jousha,",9,14,20,18,7,0",1

���i,���傤����,shoushin,",18,7,14,20,18,7,8,13",1

���,���傤����,joutai,",9,14,20,19,0,8",1

���ҏ�,���傤�������傤,shoutaijou,",18,7,14,20,19,0,8,9,14,20",1

�Փ�,���傤�Ƃ�,shoutotsu,",18,7,14,20,19,14,19,18,20",1

���N,���傤�˂�,shounen,",18,7,14,20,13,4,13",1

����,���傤�΂�,shoubai,",18,7,14,20,1,0,8",1

�����,���傤�Ђ���,shouhizei,",18,7,14,20,7,8,25,4,8",1

���i,���傤�Ђ�,shouhin,",18,7,14,20,7,8,13",1

�ܕi,���傤�Ђ�,shouhin,",18,7,14,20,7,8,13",1

����,���傤��,shoubu,",18,7,14,20,1,20",1

���,���傤�ق�,jouhou,",9,14,20,7,14,20",1

�ܖ�����,���傤�݂�����,shoumikigen,",18,7,14,20,12,8,10,8,6,4,13",1

�㗬,���傤��イ,jouryuu,",9,14,20,17,24,20,20",1

�g�p����,���悤��傤����,shiyouryoukin,",18,7,8,24,14,20,17,24,14,20,10,8,13",1

�V���[�y���n�E�A�[,����[�؂�͂����[,shoopenhauaa,",18,7,14,14,15,4,13,7,0,20,0,0",1

����,���傫�イ,shokyuu,",18,7,14,10,24,20,20",1

�E��,���傭����,shokuin,",18,7,14,10,20,8,13",1

�E��,���傭���傤,shokugyou,",18,7,14,10,20,6,24,14,20",1

�H����,���傭���イ�ǂ�,shokuchuudoku,",18,7,14,10,20,2,7,20,20,3,14,10,20",1

�H��,���傭��,shokuhi,",18,7,14,10,20,7,8",1

����,���傰��,jogen,",9,14,6,4,13",1

������ς�,������ς�,shoppai,",18,7,14,15,15,0,8",0

���D,����䂤,joyuu,",9,14,24,20,20",1

����,����,shiri,",18,7,8,17,8",1

�m�荇��,���肠��,shiriai,",18,7,8,17,8,0,8",1

�V���[�Y,����[��,shiriizu,",18,7,8,17,8,8,25,20",1

�V���o�[,����΁[,shirubaa,",18,7,8,17,20,1,0,0",1

�V���o�[�Y��,����΁[���񂬂傤,shirubaasangyou,",18,7,8,17,20,1,0,0,18,0,13,6,24,14,20",1

����,���남��,shiroobi,",18,7,8,17,14,14,1,8",1

���낶��,���낶��,jirojiro,",9,8,17,14,9,8,17,14",0

�����ۂ�,������ۂ�,shiroppoi,",18,7,8,17,14,15,15,14,8",0

�i�w,���񂪂�,shingaku,",18,7,8,13,6,0,10,20",1

�V�L�^,���񂫂낭,shinkiroku,",18,7,8,13,10,8,17,14,10,20",1

�^��,���񂯂�,shinken,",18,7,8,13,10,4,13",0

�[��,���񂱂�,shinkoku,",18,7,8,13,10,14,10,20",0

�[����,���񂱂���,shinkokusa,",18,7,8,13,10,14,10,20,18,0",1

�V��,���񂳂�,shinsaku,",18,7,8,13,18,0,10,20",1

�V��,���񂵂�,shinsha,",18,7,8,13,18,7,0",1

�\��,���񂹂�,shinsei,",18,7,8,13,18,4,8",1

�l��,���񂹂�,jinsei,",9,8,13,18,4,8",1

�e����,���񂹂�,shinseki,",18,7,8,13,18,4,10,8",1

�V�N,���񂹂�,shinsen,",18,7,8,13,18,4,13",0

�S��,���񂼂�,shinzou,",18,7,8,13,25,14,20",1

�V����,����ɂイ����,shinnyuusei,",18,7,8,13,13,24,20,20,18,4,8",1

�i��,�����,shinpo,",18,7,8,13,15,14",1

�e�F,����䂤,shinyuu,",18,7,8,13,24,20,20",1

�M��,����炢,shinrai,",18,7,8,13,17,0,8",1

�S���w,����肪��,shinrigaku,",18,7,8,13,17,8,6,0,10,20",1

�z���k,��������,suigara,",18,20,8,6,0,17,0",1

���w,��������,suugaku,",18,20,20,6,0,10,20",1

����,������,suuji,",18,20,20,9,8",1

������������,������������,zuuzuushii,",25,20,20,25,20,20,18,7,8,8",0

���l,�����ɂ�,suunin,",18,20,20,13,8,13",1

�p,������,sugata,",18,20,6,0,19,0",1

�`����,����,sugi,",18,20,6,8",0

�`�D��,����,zuki,",25,20,10,8",0

�����i�߂��j,����,sugu,",18,20,6,20",0

������,������,sugoku,",18,20,6,14,10,20",0

������,��������,sukoshimo,",18,20,10,14,18,7,8,12,14",0

�߂���,������,sugosu,",18,20,6,14,18,20",0

�i��,������,susumu,",18,20,18,20,12,20",0

������,������,suzume,",18,20,25,20,12,4",1

�i�߂�,�����߂�,susumeru,",18,20,18,20,12,4,17,20",0

��������,��������,sukkari,",18,20,10,10,0,17,8",0

�_���ς�,�����ς�,suppai,",18,20,15,15,0,8",0

���ł�,���ł�,sudeni,",18,20,3,4,13,8",0

�X�g�[�u,���Ɓ[��,sutoobu,",18,20,19,14,14,1,20",1

�X�g�[���[,���Ɓ[��[,sutoorii,",18,20,19,14,14,17,8,8",1

�X�g���C�L,���Ƃ炢��,sutoraiki,",18,20,19,14,17,0,8,10,8",1

�X�p�Q�e�B,���ς��Ă�,supagetei,",18,20,15,0,6,4,19,4,8",1

�X�s�[�h,���ҁ[��,supiido,",18,20,15,8,8,3,14",1

�X�s�[�h�ᔽ,���ҁ[�ǂ��͂�,supiidoihan,",18,20,15,8,8,3,14,8,7,0,13",1

���ׂ�,���ׂ�,subete,",18,20,1,4,19,4",0

����,���ׂ�,suberu,",18,20,1,4,17,20",0

�ς܂���,���܂���,sumaseru,",18,20,12,0,18,4,17,20",0

�ς�,����,sumu,",18,20,12,20",0

�X���[�Y,���ށ[��,sumuuzu,",18,20,12,20,20,25,20",0

�X���b�v,�������,surippu,",18,20,17,8,15,15,20",1

����Ⴄ,���ꂿ����,surechigau,",18,20,17,4,2,7,8,6,0,20",0

���m,��������,seikaku,",18,4,8,10,0,10,20",0

���i,��������,seikaku,",18,4,8,10,0,10,20",1

������,��������,seikatsuhi,",18,4,8,10,0,19,18,20,7,8",1

���I,������,seiki,",18,4,8,10,8",1

���Y,��������,seisan,",18,4,8,18,0,13",1

������,��������,seijika,",18,4,8,9,8,10,0",1

����,��������,seisho,",18,4,8,18,7,14",1

���l,��������,seijin,",18,4,8,9,8,13",1

���l��,�������񂵂�,seijinshiki,",18,4,8,9,8,13,18,7,8,10,8",1

���_�I,��������Ă�,seishinteki,",18,4,8,18,7,8,13,19,4,10,8",0

�����i��Ёj,���������i��������j,seizou(gaisha),",18,4,8,25,14,20,-57,6,0,8,18,7,0,-56",0

����,�������傤,seichou,",18,4,8,2,7,14,20",1

���k,������,seito,",18,4,8,19,14",1

���N����,�����˂񂪂���,seinengappi,",18,4,8,13,4,13,6,0,15,15,8",1

���{,������,seifu,",18,4,8,5,20",1

����,�����Ԃ�,seibutsu,",18,4,8,1,20,19,18,20",1

����,�����Ԃ�,seibun,",18,4,8,1,20,13",1

���m,�����悤,seiyou,",18,4,8,24,14,20",1

�Z�[���X,���[�邷,seerusu,",18,4,4,17,20,18,20",1

�Z�[���X�}��,���[�邷�܂�,seerusuman,",18,4,4,17,20,18,20,12,0,13",1

���E��,����������,sekaiichi,",18,4,10,0,8,8,2,7,8",1

�ΒY,��������,sekitan,",18,4,10,8,19,0,13",1

��������,��������,sekkaku,",18,4,10,10,0,10,20",0

�ϋɓI,�������傭�Ă�,sekkyokuteki,",18,4,10,10,24,14,10,20,19,4,10,8",0

�Z�b�g,������,setto,",18,4,19,19,14",1

�ߖ�,���₭,setsuyaku,",18,4,19,18,20,24,0,10,20",1

�w��,���Ȃ�,senaka,",18,4,13,0,10,0",1

�Z�l�J,���˂�,seneka,",18,4,13,4,10,0",1

�����,�����,serifu,",18,4,17,8,5,20",1

�S��,���񂢂�,zen'in,",25,4,13,-58,8,13",1

�O��,���񂩂�,zenkai,",25,4,13,10,0,8",1

�I��,���񂫂�,senkyo,",18,4,13,10,24,14",1

�Z���T�[,���񂳁[,sensaa,",18,4,13,18,0,0",1

�I��,���񂵂�,senshu,",18,4,13,18,7,20",1

�I��,���񂽂�,sentaku,",18,4,13,19,0,10,20",1

��`,����ł�,senden,",18,4,13,3,4,13",1

��y,����ς�,senpai,",18,4,13,15,0,8",1

�O��,����͂�,zenhan,",25,4,13,7,0,13",1

����,�������,senmonka,",18,4,13,12,14,13,10,0",1

���p��,�������悤��,senmonyougo,",18,4,13,12,14,13,24,14,20,6,14",1

��p,����悤,senyou,",18,4,13,24,14,20",1

����,������,zouka,",25,14,20,10,0",1

�����I,���������Ă�,sougouteki,",18,14,20,6,14,20,19,4,10,8",0

����,��������,souzai,",18,14,20,25,0,8",1

�z��,������,souzo,",18,14,20,25,14",1

����,�������傤,souchou,",18,14,20,2,7,14,20",1

����,�����Ƃ�,soutou,",18,14,20,19,14,20",0

����,������傤,souryou,",18,14,20,17,24,14,20",1

���,������,sodatsu,",18,14,3,0,19,18,20",0

��������,��������,sokkuri,",18,14,10,10,20,17,8",0

���̕�,���̂ւ�,sonohen,",18,14,13,14,7,4,13",1

����,����,soba,",18,14,1,0",1

�f�p,���ڂ�,soboku,",18,14,1,14,10,20",0

���悻��,���悻��,soyosoyo,",18,14,24,14,18,14,24,14",0

���ꂼ��,���ꂼ��,sorezore,",18,14,17,4,25,14,17,4",1

����ł�,����ł�,soredeha,",18,14,17,4,3,4,7,0",0

����ł�,����ł�,soredeha,",18,14,17,4,3,4,7,0",0

����Ȃ̂�,����Ȃ̂�,sorenanoni,",18,14,17,4,13,0,13,14,13,8",0

���낤,���낤,sorou,",18,14,17,14,20",0

���낦��,���낦��,soroeru,",18,14,17,14,4,17,20",0

�`�΁`,����,tai,",19,0,8",0

�`��,����,dai,",3,0,8",0

�`��,����,dai,",3,0,8",0

�恛�u�],�����`���ڂ�,dai~shibou,",3,0,8,29,18,7,8,1,14,20",1

�ފw,��������,taigaku,",19,0,8,6,0,10,20",1

��w�@��,�����������񂹂�,daigakuinsei,",3,0,8,6,0,10,20,8,13,18,4,8",1

��w��,������������,daigakusei,",3,0,8,6,0,10,20,18,4,8",1

��C�i���j,���������イ,taikichuu,",19,0,8,10,8,2,7,20,20",1

�ދ�,��������,taikutsu,",19,0,8,10,20,19,18,20",0

�̌�,��������,taiken,",19,0,8,10,4,13",1

�Ό���,������������,taikousha,",19,0,8,10,14,20,18,7,0",1

�厖,������,daiji,",3,0,8,9,8",0

������������,������������,taishitakoto,",19,0,8,18,7,8,19,0,10,14,19,14",1

������������,������������,taishitamono,",19,0,8,18,7,8,19,0,12,14,13,14",0

�i�`�Ɂj�΂���,��������,taishite,",19,0,8,18,7,8,19,4",0

�ގ�,��������,taisha,",19,0,8,18,7,0",1

�̏d,�������イ,taijuu,",19,0,8,9,20,20",1

�Ώ�,�������傤,taishou,",19,0,8,18,7,14,20",1

�ސE,�������傭,taishoku,",19,0,8,18,7,14,10,20",1

�΂���,��������,taisuru,",19,0,8,18,20,17,20",0

�听��,������������,daiseikou,",3,0,8,18,4,8,10,14,20",1

�吼�m,���������悤,taiseiyou,",19,0,8,18,4,8,24,14,20",1

�^�C�g��,�����Ƃ�,taitoru,",19,0,8,19,14,17,20",1

��\�I,�����Ђ傤�Ă�,daihyouteki,",3,0,8,7,24,14,20,19,4,10,8",0

�^�C�v,������,taipu,",19,0,8,15,20",1

������,������,daibu,",3,0,8,1,20",0

�啔��,�����ԂԂ�,daibubun,",3,0,8,1,20,1,20,13",1

�����m,�����ւ��悤,taiheiyou,",19,0,8,7,4,8,24,14,20",1

�^�C���J�v�Z��,�����ނ��Ղ���,taimukapuseru,",19,0,8,12,20,10,0,15,20,18,4,17,20",1

�薼,�����߂�,daimei,",3,0,8,12,4,8",1

�^�C��,������,taiya,",19,0,8,24,0",1

�|��,������,taosu,",19,0,14,18,20",0

����,����,daga,",3,0,6,0",0

�݂�,��������,tagaini,",19,0,6,0,8,13,8",0

���܂�,�����܂�,takamaru,",19,0,10,0,12,0,17,20",0

���߂�,�����߂�,takameru,",19,0,10,0,12,4,17,20",0

������,������,dakara,",3,0,10,0,17,0",0

�󂭂�,�����炭��,takarakuji,",19,0,10,0,17,0,10,20,9,8",1

��,����,taki,",19,0,10,8",1

��������,��������,dakiau,",3,0,10,8,0,20",0

����,����,taku,",19,0,10,20",0

�m����,��������,tashikani,",19,0,18,7,8,10,0,13,8",0

����,����,tasu,",19,0,18,20",0

�`�o��,����,dasu,",3,0,18,20",0

��������,����������,tasukeau,",19,0,18,20,10,4,0,20",0

������,��������,tasukeru,",19,0,18,20,10,4,17,20",0

�q�˂�,�����˂�,tazuneru,",19,0,25,20,13,4,17,20",0

����,����,tada,",19,0,3,0",0

������,������,tataku,",19,0,19,0,10,20",0

�`����,����,tachi,",19,0,2,7,8",0

����,����,tatsu,",19,0,19,18,20",0

����,����,tatsu,",19,0,19,18,20",0

�B��,��������,tassei,",19,0,18,18,4,8",1

������,������,datte,",3,0,19,19,4",0

�c,����,tate,",19,0,19,4",1

�`����,����,date,",3,0,19,4",0

���Ă�,���Ă�,tateru,",19,0,19,4,17,20",0

���Ƃ�,���Ƃ�,tatoe,",19,0,19,14,4",0

���Ƃ�,���Ƃ�,tatoe,",19,0,19,14,4",1

�Ⴆ��,���Ƃ���,tatoeba,",19,0,19,14,4,1,0",0

���Ƃ���,���Ƃ���,tatoeru,",19,0,19,14,4,17,20",0

��������,���̂�����,tanomoshii,",19,0,13,14,12,14,18,7,8,8",0

��,����,tabi,",19,0,1,8",1

�H�ו���,���ׂ��̂�,tabemonoya,",19,0,1,4,12,14,13,14,24,0",1

���܂�,���܂�,damasu,",3,0,12,0,18,20",0

���܂�,���܂�,tamaru,",19,0,12,0,17,20",0

����ɂȂ�,�����ɂȂ�,tayorininaru,",19,0,24,14,17,8,13,8,13,0,17,20",0

�^���[,����[,tawaa,",19,0,22,0,0",1

�`�i,����,dan,",3,0,13",0

�P��,����,tango,",19,0,13,6,14",1

�P��,���񂶂��,tanjun,",19,0,13,9,20,13",0

�a��,���񂶂傤,tanjou,",19,0,13,9,14,20",1

�c�́i�ʐ^�j,���񂽂����Ⴕ��,dantaishashin,",3,0,13,19,0,8,18,7,0,18,7,8,13",1

�P��,���񂿂傤,tanchou,",19,0,13,2,7,14,20",0

�g�~,����Ƃ�,dantou,",3,0,13,19,14,20",1

�j�D,����䂤,danyuu,",3,0,13,24,20,20",1

�i��,����炭,danraku,",3,0,13,17,0,10,20",1

�u�`�[�Y�v,���[��,chiizu,",2,7,8,8,25,20",0

�m�b,����,chie,",2,7,8,4",1

�`�F�X,������,chesu,",2,7,4,18,20",1

�Ⴂ,������,chigai,",2,7,8,6,0,8",1

�߂��i�����j,���������傤�炢,chikaishourai,",2,7,8,10,0,8,18,7,14,20,17,0,8",0

�`�߂�,������,chikaku,",2,7,8,10,0,10,20",0

�߂Â�,�����Â�,chikazuku,",2,7,8,10,0,25,20,10,20",0

�n��,�����イ,chikyuu,",2,7,8,10,24,20,20",1

���Ȃ݂�,���Ȃ݂�,chinamini,",2,7,8,13,0,12,8,13,8",0

�n��,���ق�,chihou,",2,7,8,7,14,20",1

�`���C��,���Ⴂ��,chaimu,",2,7,0,8,12,20",1

���F���ۂ�,���Ⴂ����ۂ�,chairoppoi,",2,7,0,8,17,14,15,15,14,8",0

������,������,chanto,",2,7,0,13,19,14",0

�����@,���イ����,chuuou,",2,7,20,20,14,20",1

���؁i�����j,���イ���i��傤��j,chuuka(ryouri),",2,7,20,20,10,0,-57,17,24,14,20,17,8,-56",1

����,���イ���イ,chuukyuu,",2,7,20,20,10,24,20,20",1

���Î�,���イ������,chuukosha,",2,7,20,20,10,14,18,7,0",1

���{,���イ�����,chuujun,",2,7,20,20,9,20,13",1

���ۓI,���イ���傤�Ă�,chuushouteki,",2,7,20,20,18,7,14,20,19,4,10,8",0

�`����,���イ��,chuuni,",2,7,20,20,13,8",0

����,���イ����,chuumoku,",2,7,20,20,12,14,10,20",1

����,���イ����,chuumon,",2,7,20,20,12,14,13",1

����,���傤��,chousa,",2,7,14,20,18,0",1

������,���傤������,choujikan,",2,7,14,20,9,8,10,0,13",1

����,���傤���傤,choujou,",2,7,14,20,9,14,20",1

����,���傤����,chousen,",2,7,14,20,18,4,13",1

���a,���������,chokkei,",2,7,14,10,10,4,8",1

������Ƃ���,������Ƃ���,chottoshita,",2,7,14,19,19,14,18,7,8,19,0",0

�n��,����,chiri,",2,7,8,17,8",1

�`���p���W�[,����ς񂶁[,chinpanjii,",2,7,8,13,15,0,13,9,8,8",1

��,��,tsui,",19,18,20,8",0

���ł�,���łɁ@,tsuideni ,",19,18,20,8,3,4,13,8,-65",0

����,����,tsuini,",19,18,20,8,13,8",0

�ʋ�,������,tsuukin,",19,18,20,20,10,8,13",1

�ʂ���,������,tsuujiru,",19,18,20,20,9,8,17,20",0

�ʖ�,���₭,tsuuyaku,",19,18,20,20,24,0,10,20",1

�߂܂���,���܂���,tsukamaeru,",19,18,20,10,0,12,0,4,17,20",0

�t������,������,tsukiau,",19,18,20,10,8,0,20",0

����,������,tsukemono,",19,18,20,10,4,12,14,13,14",1

�`������,��������,tsutaeau,",19,18,20,19,0,4,0,20",0

�`������,�Â���,tsuzukeru,",19,18,20,25,20,10,4,17,20",0

�Ȃ���,�Ȃ���,tsunagaru,",19,18,20,13,0,6,0,17,20",0

�Ȃ�,�Ȃ�,tsunagu,",19,18,20,13,0,6,20",0

�Ȃ���,�Ȃ���,tsunageru,",19,18,20,13,0,6,4,17,20",0

�Ôg,�Ȃ�,tsunami,",19,18,20,13,0,12,8",1

�`���ۂ�,���ۂ�,ppoi,",15,15,14,8",0

�ܐ�,�܂���,tsumasaki,",19,18,20,12,0,18,0,10,8",1

�܂�,�܂�,tsumari,",19,18,20,12,0,17,8",0

�ς�,��,tsumu,",19,18,20,12,20",0

��,��,tsume,",19,18,20,12,4",1

����,����,tsumoru,",19,18,20,12,14,17,20",0

�~�J,��,tsuyu,",19,18,20,24,20",1

�~�J����,�䂠��,tsuyuake,",19,18,20,24,20,0,10,4",1

���܂�,��܂�,tsuyomaru,",19,18,20,24,14,12,0,17,20",0

����,���,tsuyomi,",19,18,20,24,14,12,8",1

���߂�,��߂�,tsuyomeru,",19,18,20,24,14,12,4,17,20",0

�炢,�炢,tsurai,",19,18,20,17,0,8",0

���,���,tsurutsuru,",19,18,20,17,20,19,18,20,17,20",0

�o�,�ł���,deau,",3,4,0,20",0

���,�Ă�����,teian,",19,4,8,0,13",1

�c�j,�ł��[���[,diikee,",3,8,8,10,4,4",1

�f�B�Y�j�[�����h,�ł����Ɂ[����,dizuniirando,",3,8,25,20,13,8,8,17,0,13,3,14",1

���x,�Ă���,teido,",19,4,8,3,14",1

�e�[�},�ā[��,teema,",19,4,4,12,0",1

�e�[�}�p�[�N,�ā[�܂ρ[��,teemapaaku,",19,4,4,12,0,15,0,0,10,20",1

�肪�L�т�,�Ă��̂т�,teganobiru,",19,4,6,0,13,14,1,8,17,20",0

�o���オ��,�ł�������,dekiagaru,",3,4,10,8,0,6,0,17,20",0

�o����,�ł�����,dekigoto,",3,4,10,8,6,14,19,14",1

�K��,�Ă�����,tekisei,",19,4,10,8,18,4,8",1

�K����,�Ă��Ƃ���,tekitouni,",19,4,10,8,19,14,20,13,8",0

���,�Ă���,tekubi,",19,4,10,20,1,8",1

�f�U�[�g,�ł��[��,dezaato,",3,4,25,0,0,19,14",1

�f�U�C�i�[,�ł����ȁ[,dezainaa,",3,4,25,0,8,13,0,0",1

�萔��,�Ă�����傤,tesuuryou,",19,4,18,20,20,17,24,14,20",1

�ł�����ǂ�,�ł�����ǂ�,desukeredomo,",3,4,18,20,10,4,17,4,3,14,12,14",0

�N�w��,�Ă�������,tetsugakusha,",19,4,19,18,20,6,0,10,20,18,7,0",1

�N�w�I,�Ă����Ă�,tetsugakuteki,",19,4,19,18,20,6,0,10,20,19,4,10,8",0

�S��,�Ăǂ�,tetsudou,",19,4,19,18,20,3,14,20",1

�O��,�Ă�,tetsuya,",19,4,19,18,20,24,0",1

��ɓ����,�Ăɂ����,teniireru,",19,4,13,8,8,17,4,17,20",0

��ɓ���,�Ăɂ͂���,tenihairu,",19,4,13,8,7,0,8,17,20",0

�o�O,�ł܂�,demae,",3,4,12,0,4",1

�_,�Ă�,ten,",19,4,13",1

�X��,�Ă񂢂�,ten'in,",19,4,13,-58,8,13",1

�d��,�ł񂫂イ,denkyuu,",3,4,13,10,24,20,20",1

�`��,�ł񂲂�,dengon,",3,4,13,6,14,13",1

�W��,�Ă�,tenji,",19,4,13,9,8",1

�W����,�Ă񂶂��傤,tenjijou,",19,4,13,9,8,9,14,20",1

�]�E,�Ă񂵂傭,tenshoku,",19,4,13,18,7,14,10,20",1

�V�_�l,�Ă񂶂񂳂�,tenjinsama,",19,4,13,9,8,13,18,0,12,0",1

�_��,�Ă񂷂�,tensuu,",19,4,13,18,20,20",1

�d��,�ł񂿂イ,denchuu,",3,4,13,2,7,20,20",1

�_��,�Ă�߂�,tenmetsu,",19,4,13,12,4,19,18,20",1

�d�́i��Ёj,�ł��傭��������,denryokugaisha,",3,4,13,17,24,14,10,20,6,0,8,18,7,0",1

�`�x,��,do,",3,14",0

�`��,�Ƃ�,tou,",19,14,20",0

���ėp��,�Ƃ�����悤��,touanyoushi,",19,14,20,0,13,24,14,20,18,7,8",1

���C�i�n���j,�Ƃ�����,toukai,",19,14,20,10,0,8",1

�����^���[,�Ƃ����傤�����[,toukyoutawawaa,",19,14,20,10,24,14,20,19,0,22,0,22,0,0",1

����,�Ƃ���,touji,",19,14,20,9,8",1

�`���m,�ǂ���,doushi,",3,14,20,18,7,8",0

������,�ǂ�����,doujini,",3,14,20,9,8,13,8",0

�ǂ����悤���Ȃ�,�ǂ����悤���Ȃ�,doushiyoumonai,",3,14,20,18,7,8,24,14,20,12,14,13,0,8",0

���R,�Ƃ�����,touzen,",19,14,20,25,4,13",0

�ǂ����,�ǂ����,douyara,",3,14,20,24,0,17,0",0

���m,�Ƃ��悤,touyou,",19,14,20,24,14,20",1

���l��,�ǂ��悤��,douyouni,",3,14,20,24,14,20,13,8",0

����,�ǂ���傤,douryou,",3,14,20,17,24,14,20",1

���H,�ǂ���,douro,",3,14,20,17,14",1

����,�Ƃ���,tooku,",19,14,14,10,20",1

�ʂ�,�Ƃ���,toosu,",19,14,14,18,20",0

�h�[������,�ǁ[�ނ��イ���傤,doomukyuujou,",3,14,14,12,20,10,24,20,20,9,14,20",1

�`�ǂ���,�ǂ���,doori,",3,14,14,17,8",0

�s��,�Ƃ���,tokai,",19,14,10,0,8",1

�ǂ�����,�ǂ�����,dokitto,",3,14,10,8,19,19,14",0

�ǂ��ǂ�,�ǂ��ǂ�,dokidoki,",3,14,10,8,3,14,10,8",0

�h�L�������^���[,�ǂ���߂񂽂�[,dokyumentarii,",3,14,10,24,20,12,4,13,19,0,17,8,8",1

����,�Ƃ���,tokui,",19,14,10,20,8",0

����,�Ƃ�����,tokushu,",19,14,10,20,18,7,20",0

���W,�Ƃ����イ,tokushuu,",19,14,10,20,18,7,20,20",1

�Ǐ�,�ǂ�����,dokusho,",3,14,10,20,18,7,14",1

����,�Ƃ����傤,tokuchou,",19,14,10,20,2,7,14,20",1

�Ƃ�,�Ƃ�,toge,",19,14,6,4",1

�n����@,�Ƃ���,tokeru,",19,14,10,4,17,20",0

�ǂ���,�ǂ���,dokomo,",3,14,10,14,12,14",1

�Ƃ���,�Ƃ���,tokoro,",19,14,10,14,17,14",1

�Ƃ��낪,�Ƃ��낪,tokoroga,",19,14,10,14,17,14,6,0",0

�o�R,�Ƃ���,tozan,",19,14,25,0,13",1

�N,�Ƃ�,toshi,",19,14,18,7,8",1

�s�s,�Ƃ�,toshi,",19,14,18,7,8",1

�Ƃ�������,�Ƃ�������,tojikomoru,",19,14,9,8,10,14,12,14,17,20",0

�N���,�Ƃ����,toshiyori,",19,14,18,7,8,24,14,17,8",1

�s�S,�Ƃ���,toshin,",19,14,18,7,8,13",1

�r��,�Ƃ��イ,tochuu,",19,14,2,7,20,20",1

�ǂ��炩�ƌ�����,�ǂ��炩�Ƃ�����,dochirakatoiuto,",3,14,2,7,8,17,0,10,0,19,14,8,20,19,14",0

�ǂ��炩�ƌ�����,�ǂ��炩�Ƃ�����,dochirakatoieba,",3,14,2,7,8,17,0,10,0,19,14,8,4,1,0",0

�ǉ�,�ǂ�����,dokkai,",3,14,10,10,0,8",1

�g�b�v,�Ƃ���,toppu,",19,14,15,15,20",1

�ƂĂ��i�`�Ȃ��j,�ƂĂ�,totemo,",19,14,19,4,12,14",0

�Ƃɂ���,�Ƃɂ���,tonikaku,",19,14,13,8,10,0,10,20",0

��΂�,�Ƃ΂�,tobasu,",19,14,1,0,18,20",0

���яオ��,�Ƃт�����,tobiagaru,",19,14,1,8,0,6,0,17,20",0

��яo��,�Ƃт���,tobidasu,",19,14,1,8,3,0,18,20",0

���,�Ƃ�,tobu,",19,14,1,20",0

�y�؁i�H�w�j,�ǂڂ��i���������j,doboku(kougaku),",3,14,1,14,10,20,-57,10,14,20,6,0,10,20,-56",1

����,�Ƃ���,tomoni,",19,14,12,14,13,8",0

�g��,�Ƃ�,tora,",19,14,17,0",1

�����܂�,�Ƃ肵�܂�,torishimari,",19,14,17,8,18,7,8,12,0,17,8",1

�g���b�N�A�[�g,�Ƃ�������[��,torikkuaato,",19,14,17,8,10,10,20,0,0,19,14",1

�w��,�ǂ�傭,doryoku,",3,14,17,24,14,10,20",1

�̂�,�Ƃ�,toru,",19,14,17,20",0

�h��,�ǂ�,doru,",3,14,17,20",1

�g���[�j���O,�Ƃ�[�ɂ�,toreeningu,",19,14,17,4,4,13,8,13,6,20",1

�h���X,�ǂꂷ,doresu,",3,14,17,4,18,20",1

�ǂ��,�ǂ��,doremo,",3,14,17,4,12,14",1

�Ƃ�ł��Ȃ�,�Ƃ�ł��Ȃ�,tondemonai,",19,14,13,3,4,12,14,13,0,8",0

�ǂ�ǂ�,�ǂ�ǂ�,dondon,",3,14,13,3,14,13",0

���e,�Ȃ��悤,naiyou,",13,0,8,24,14,20",1

����,�Ȃ���,nagasu,",13,0,6,0,18,20",0

������,�Ȃ�����,nagasode,",13,0,6,0,18,14,3,4",1

����,�Ȃ�����,nagatabi,",13,0,6,0,19,0,1,8",1

���g,�Ȃ���,nakami,",13,0,10,0,12,8",1

���w,�Ȃ����,nakayubi,",13,0,10,0,24,20,1,8",1

���ǂ�,�Ȃ��悭,nakayoku,",13,0,10,0,24,14,10,20",0

����,�Ȃ���,nagare,",13,0,6,0,17,4",1

�����,�Ȃ����,nagareru,",13,0,6,0,17,4,17,20",0

��,�Ȃ�,naku,",13,0,10,20",0

�S����,�Ȃ���,nakusu,",13,0,10,20,18,20",0

�Ȃ��荇��,�Ȃ��肠��,naguriau,",13,0,6,20,17,8,0,20",0

�Ȃ���,�Ȃ���,naguru,",13,0,6,20,17,20",0

��������,�Ȃ�����,natsukashii,",13,0,19,18,20,10,0,18,7,8,8",0

�[��,�Ȃ��Ƃ�,nattou,",13,0,19,19,14,20",1

�[��,�Ȃ��Ƃ�,nattoku,",13,0,19,19,14,10,20",1

�ċx��,�Ȃ₷��,natsuyasumi,",13,0,19,18,20,24,0,18,20,12,8",1

�΂�,�ȂȂ�,naname,",13,0,13,0,12,4",1

������,�Ȃɂ���,naniyorimo,",13,0,13,8,24,14,17,8,12,14",0

��,�Ȃ�,nama,",13,0,12,0",1

����,�Ȃ܂��܂�,namatamago,",13,0,12,0,19,0,12,0,6,14",1

�Y��,�Ȃ��,nayami,",13,0,24,0,12,8",1

�Y��,�Ȃ��,nayamu,",13,0,24,0,12,20",0

�炷,�Ȃ炷,narasu,",13,0,17,0,18,20",0

��,�Ȃ�,naru,",13,0,17,20",0

�Ȃ�ق�,�Ȃ�ق�,naruhodo,",13,0,17,20,7,14,3,14",0

���,�Ȃ񂫂傭,nankyoku,",13,0,13,10,24,14,10,20",1

���ł��Ȃ�,�Ȃ�ł��Ȃ�,nandemonai,",13,0,13,3,4,12,14,13,0,8",0

�Ȃ�Ƃ�����,�Ȃ�Ƃ�����,nantokasuru,",13,0,13,19,14,10,0,18,20,17,20",0

�Ȃ�Ƃ��Ȃ�,�Ȃ�Ƃ��Ȃ�,nantokanaru,",13,0,13,19,14,10,0,13,0,17,20",0

�Ȃ�ƂȂ�,�Ȃ�ƂȂ�,nantonaku,",13,0,13,19,14,13,0,10,20",0

��k,�Ȃ�ڂ�,nanboku,",13,0,13,1,14,10,20",1

������,�ɂ���,niau,",13,8,0,20",0

����G,�ɂ�����,nigaoe,",13,8,6,0,14,4",1

���,�ɂ���,nigate,",13,8,6,0,19,4",0

���,�ɂ���,nigami,",13,8,6,0,12,8",1

���肱�Ԃ�,�ɂ��肱�Ԃ�,nigirikobushi,",13,8,6,8,17,8,10,14,1,20,18,7,8",1

����,�ɂ���,nigiru,",13,8,6,8,17,20",0

�ɂ��ɂ�,�ɂ��ɂ�,nikoniko,",13,8,10,14,13,8,10,14",0

��_���Y�f,�ɂ��񂩂���,nisankatanso,",13,8,18,0,13,10,0,19,0,13,18,14",1

�U��,�ɂ�����,nisemono,",13,8,18,4,12,14,13,14",1

���{�C,�ɂق񂩂�,nihonkai,",13,8,7,14,13,10,0,8",1

���{��,�ɂق񂵂�,nihonshu,",13,8,7,14,13,18,7,20",1

���{��,�ɂق񂶂イ,nihonjuu,",13,8,7,14,13,9,20,20",1

�ɂ�ɂ�,�ɂ�ɂ�,niyaniya,",13,8,24,0,13,8,24,0",0

���w��,�ɂイ��������,nyuugakukin,",13,24,20,20,6,0,10,20,10,8,13",1

����,�ɂイ����,nyuusha,",13,24,20,20,18,7,0",1

���Ў�,�ɂイ���Ⴕ��,nyuushashiki,",13,24,20,20,18,7,0,18,7,8,10,8",1

�����,�ɂイ���傤����,nyuujousha,",13,24,20,20,9,14,20,18,7,0",1

���ꗿ,�ɂイ���傤��傤,nyuujouryou,",13,24,20,20,9,14,20,17,24,14,20",1

����,�ɂ�,niru,",13,8,17,20",0

�ς�,�ɂ�,niru,",13,8,17,20",0

�l��,�ɂ񂰂�,ningen,",13,8,13,6,4,13",1

�`�l�O,�ɂ�܂�,ninmae,",13,8,13,12,0,4",0

����,�ʂ���,nusumu,",13,20,18,20,12,20",0

�z,�ʂ�,nuno,",13,20,13,14",1

�h��,�ʂ�,nuru,",13,20,17,20",0

�l�オ��,�˂�����,neagari,",13,4,0,6,0,17,8",1

�l������,�˂�����,nesagari,",13,4,18,0,6,0,17,8",1

�˂���,�˂���,nezumi,",13,4,25,20,12,8",1

�l�b�N���X,�˂����ꂷ,nekkuresu,",13,4,10,10,20,17,4,18,20",1

�`�N��,�˂񂾂�,nendai,",13,4,13,3,0,8",0

�N��,�˂�܂�,nenmatsu,",13,4,13,12,0,19,18,20",1

�N��,�˂�ꂢ,nenrei,",13,4,13,17,4,8",1

�_��,�̂����傤,nougyou,",13,14,20,6,24,14,20",1

�Z�x,�̂���,noudo,",13,14,20,3,14",1

�c��,�̂���,nokosu,",13,14,10,14,18,20",0

�悹��,�̂���,noseru,",13,14,18,4,17,20",0

�ڂ���,�̂���,noseru,",13,14,18,4,17,20",0

�̂���,�̂���,nozoku,",13,14,25,14,10,20",0

�L�΂�,�̂΂�,nobasu,",13,14,1,0,18,20",0

���΂�,�̂΂�,nobasu,",13,14,1,0,18,20",0

�쌴,�̂͂�,nohara,",13,14,7,0,17,0",1

�L�т�,�̂т�,nobiru,",13,14,1,8,17,20",0

���т�,�̂т�,nobiru,",13,14,1,8,17,20",0

���,�̂ڂ�,noboru,",13,14,1,14,17,20",0

�̂�,�̂�,nori,",13,14,17,8",1

���߂���,�̂肷����,norisugosu,",13,14,17,8,18,20,6,14,18,20",1

�ڂ�,�̂�,noru,",13,14,17,20",0

�̂�,�̂�,nonki,",13,14,13,10,8",0

�̂�т�,�̂�т�,nonbiri,",13,14,13,1,8,17,8",0

�o�[�Q���Z�[��,�΁[���񂹁[��,baagenseeru,",1,0,0,6,4,13,18,4,4,17,20",1

���i�p�[�Z���g�j,�ρ[�����,paasento,",15,0,0,18,4,13,19,14",1

�p�[�g�i�[,�ρ[�Ƃȁ[,paatonaa,",15,0,0,19,14,13,0,0",1

�i�`�j�{,�΂�,bai,",1,0,8",1

�D�F,�͂�����,haiiro,",7,0,8,8,17,14",1

�~�J,�΂���,baiu,",1,0,8,20",1

�o�C�L���O,�΂�����,baikingu,",1,0,8,10,8,13,6,20",1

�o�C�N,�΂���,baiku,",1,0,8,10,20",1

�n�C�e�N�i�Y�Ɓj,�͂��Ă��i�������傤�j,haiteku(saigyou),",7,0,8,19,4,10,20,-57,18,0,8,6,24,14,20,-56",1

�o�D,�͂��䂤,haiyuu,",7,0,8,24,20,20",1

������,�͂���,haeru,",7,0,4,17,20",0

��,�͂�,haka,",7,0,10,0",1

�΂�,�΂�,baka,",1,0,10,0",1

�͂���,�͂���,hagasu,",7,0,6,0,18,20",0

�΂��炵��,�΂��炵��,bakarashii,",1,0,10,0,17,0,18,7,8,8",0

�`���`��,�͂��`��,haku~ka,",7,0,10,20,29,10,0",0

���m�ے�,�͂������Ă�,hakushikatei,",7,0,10,20,18,7,8,10,0,19,4,8",1

����,�͂�����,hakushu,",7,0,10,20,18,7,20",1

������,�͂�����,hageshii,",7,0,6,4,18,7,8,8",0

�n�U�[�h�����v,�͂��[�ǂ���,hazaadoranpu,",7,0,25,0,0,3,14,17,0,13,15,20",1

���߂�,�͂��߂�,hajimeha,",7,0,9,8,12,4,7,0",0

�`�n�߂�,�͂��߂�,hajimeru,",7,0,9,8,12,4,17,20",0

�o�X�P�b�g�{�[��,�΂������Ƃځ[��,basukettobooru,",1,0,18,20,10,4,19,19,14,1,14,14,17,20",1

�͂����,�͂����,hazureru,",7,0,25,20,17,4,17,20",0

��,�͂�,hada,",7,0,3,0",1

��,�͂���,hatake,",7,0,19,0,10,4",1

����,�͂��炫,hataraki,",7,0,19,0,17,0,10,8",1

�͂����肷��,�͂����肷��,hakkirisuru,",7,0,10,10,8,17,8,18,20,17,20",0

����,�͂�����,hassei,",7,0,18,18,4,8",1

���W,�͂��Ă�,hatten,",7,0,19,19,4,13",1

�h��,�͂�,hade,",7,0,3,4",0

�͂�,�͂�,hato,",7,0,19,14",1

�@,�͂�,hana,",7,0,13,0",1

�b������,�͂Ȃ�����,hanashiau,",7,0,13,0,18,7,8,0,20",0

�b��������,�͂Ȃ�������,hanashikakeru,",7,0,13,0,18,7,8,10,0,10,4,17,20",0

����,�͂Ȃ�,hanasu,",7,0,13,0,18,20",0

�o�i�i,�΂Ȃ�,banana,",1,0,13,0,13,0",1

�����,�͂Ȃ��,hanareru,",7,0,13,0,17,4,17,20",0

�H,�͂�,hane,",7,0,13,4",1

��,�͂�,haba,",7,0,1,0",1

�͂܂�,�͂܂�,hamaru,",7,0,12,0,17,20",0

���,�΂߂�,bamen,",1,0,12,4,13",1

��,�͂�,hara,",7,0,17,0",1

�o��,�΂�,bara,",1,0,17,0",1

��������,�͂炪����,haragatatsu,",7,0,17,0,6,0,19,0,19,18,20",0

�͂�͂�,�͂�͂�,harahara,",7,0,17,0,7,0,17,0",0

�ς�ς�,�ς�ς�,parapara,",15,0,17,0,15,0,17,0",0

�p���[�h,�ς�[��,pareedo,",15,0,17,4,4,3,14",1

�o���[�{�[��,�΂�[�ځ[��,bareebooru,",1,0,17,4,4,1,14,14,17,20",1

���z,�͂񂪂�,hangaku,",7,0,13,6,0,10,20",1

���a,�͂񂯂�,hankei,",7,0,13,10,4,8",1

����������,�΂񂱂��͂���񂩂�,bankokuhakurankai,",1,0,13,10,14,10,20,7,0,10,20,17,0,13,10,0,8",1

������,�͂񂷂�,hansuru,",7,0,13,18,20,17,20",0

������,�͂񂻂�,hansode,",7,0,13,18,14,3,4",1

�p���_,�ς�,panda,",15,0,13,3,0",1

���΂�,�͂񂽂���,hantaini,",7,0,13,19,0,8,13,8",0

���f,�͂񂾂�,handan,",7,0,13,3,0,13",1

�n���h��,�͂�ǂ�,handoru,",7,0,13,3,14,17,20",1

�Ɛl,�͂�ɂ�,hannin,",7,0,13,13,8,13",1

����,�͂�̂�,hannou,",7,0,13,13,14,20",1

�n���o�[�K�[,�͂�΁[���[,hanbaagaa,",7,0,13,1,0,0,6,0,0",1

�`��,��,hi,",7,8",0

������,�Ђ�����,hiatari,",7,8,0,19,0,17,8",1

��Q,�Ђ���,higai,",7,8,6,0,8",1

���A��,�Ђ�����,higaeri,",7,8,6,0,4,17,8",1

��,�Ђ���,hikari,",7,8,10,0,17,8",1

�ߊϓI,�Ђ���Ă�,hikanteki,",7,8,10,0,13,19,4,10,8",0

�`�C,�Ђ�,hiki,",7,8,10,8",0

�����󂯂�,�Ђ�������,hikiukeru,",7,8,10,8,20,10,4,17,20",0

����,�Ђ�,hiku,",7,8,10,20",0

�Ђ�,�Ђ�,hiku,",7,8,10,20",0

����,�Ђ�,hiku,",7,8,10,20",0

�Ђ�,�Ђ�,hige,",7,8,6,4",1

������,�Ђ���,higoro,",7,8,6,14,17,14",1

�Ђ�,�Ђ�,hiza,",7,8,25,0",1

�s�U,�҂�,piza,",15,8,25,0",1

�Ђ�,�Ђ�,hiji,",7,8,9,8",1

���p��,�т������,bijutsukan,",1,8,9,20,19,18,20,10,0,13",1

����,�Ђ��傤��,hijouni,",7,8,9,14,20,13,8",0

���x��,�Ђ��傤�ׂ�,hijouberu,",7,8,9,14,20,1,4,17,20",1

�z,�Ђ���,hitai,",7,8,19,0,8",1

�r�^�~���b,�т��݂񂵁[,bitaminshii,",1,8,19,0,12,8,13,18,7,8,8",1

�M�L�i�����j,�Ђ���������,hikkishiken,",7,8,10,10,8,18,7,8,10,4,13",1

�q�b�g,�Ђ��Ɓ@,hitto ,",7,8,19,19,14,-65",1

����S,�ЂƂ��񂵂�,hitoanshin,",7,8,19,14,0,13,18,7,8,13",1

�Ђǂ��ڂɂ���,�Ђǂ��߂ɂ���,hidoimeniau,",7,8,3,14,8,12,4,13,8,0,20",0

�l�w���w,�ЂƂ������,hitosashiyubi,",7,8,19,14,18,0,18,7,8,24,20,1,8",1

�`�l����,�ЂƂ���,hitotachi,",7,8,19,14,19,0,2,7,8",1

��Ӓ�,�ЂƂ΂񂶂イ,hitobanjuu,",7,8,19,14,1,0,13,9,20,20",1

��l��炵,�ЂƂ肮�炵,hitorigurashi,",7,8,19,14,17,8,6,20,17,0,18,7,8",1

���̏o,�Ђ̂�,hinode,",7,8,13,14,3,4",1

�r���[�r���[,�т�[�т�[,byuubyuu,",1,24,20,20,1,24,20,20",0

�\��,�Ђ傤����,hyougen,",7,24,14,20,6,4,13",1

�\��,�Ђ傤��,hyouji,",7,24,14,20,9,8",1

���e�t,�т悤��,biyoushi,",1,8,24,14,20,18,7,8",1

����,�т傤�ǂ�,byoudou,",1,24,14,20,3,14,20",0

�L����,�Ђ낪��,hirogaru,",7,8,17,14,6,0,17,20",0

�L����,�Ђ낰��,hirogeru,",7,8,17,14,6,4,17,20",0

�L�܂�,�Ђ�܂�,hiromaru,",7,8,17,14,12,0,17,20",0

�L�߂�,�Ђ�߂�,hiromeru,",7,8,17,14,12,4,17,20",0

�s���N,�҂�,pinku,",15,8,13,10,20",1

�i��,�Ђ񂵂�,hinshitsu,",7,8,13,18,7,8,19,18,20",1

�����z,�Ԃ�������,buaisou,",1,20,0,8,18,14,20",0

�s��,�ӂ���,fuan,",5,20,0,13",0

�`�ӂ��@,�ӂ�,fuu,",5,20,20",1

���i,�ӂ�����,fuukei,",5,20,20,10,4,8",1

�v�w,�ӂ���,fuufu,",5,20,20,5,20",1

�s��,�ӂ���,fukai,",5,20,10,0,8",0

�[�܂�,�ӂ��܂�,fukamaru,",5,20,10,0,12,0,17,20",0

�[��,�ӂ���,fukami,",5,20,10,0,12,8",1

�[�߂�,�ӂ��߂�,fukameru,",5,20,10,0,12,4,17,20",0

�ӂ�,�ӂ�,fuku,",5,20,10,20",0

��,�ӂ�,fuku,",5,20,10,20",1

����,�ӂ�����,fukusou,",5,20,10,20,18,14,20",0

�܂�,�ӂ���,fukumu,",5,20,10,20,12,20",0

�܂߂�,�ӂ��߂�,fukumeru,",5,20,10,20,12,4,17,20",0

�s�v�c,�ӂ���,fushigi,",5,20,18,7,8,6,8",0

�x�m�R,�ӂ�����,fujisan,",5,20,9,8,18,0,13",1

������,�Ԃ���,bujini,",1,20,9,8,13,8",0

�s���R,�ӂ��䂤,fujiyuu,",5,20,9,8,24,20,20",0

�w�l,�ӂ���,fujin,",5,20,9,8,13",1

�s�e��,�ӂ��񂹂�,fushinsetsu,",5,20,18,7,8,13,18,4,19,18,20",0

�i�`�j�s��,�Ԃ���,busoku,",1,20,18,14,10,20",1

�o�q,�ӂ���,futago,",5,20,19,0,6,14",1

�ؓ�,�Ԃ��ɂ�,butaniku,",1,20,19,0,13,8,10,20",1

���i,�ӂ���,fudan,",5,20,3,0,13",0

�s����,�ӂ��イ��,fuchuui,",5,20,2,7,20,20,8",1

����,�Ԃ��傤,buchou,",1,20,2,7,14,20",1

�Ԃ���,�Ԃ���,butsukeru,",1,20,19,18,20,10,4,17,20",0

����,�Ԃ�,butsuri,",1,20,19,18,20,17,8",1

�M,�ӂ�,fune,",5,20,13,4",1

����,�ԂԂ�,bubun,",1,20,1,20,13",1

�u���E��,�Ԃ炤��,buraun,",1,20,17,0,20,13",1

�v���X,�Ղ炷,purasu,",15,20,17,0,18,20",1

�u���b�N,�Ԃ����,burakku,",1,20,17,0,10,10,20",1

�Ԃ�Ԃ�,�Ԃ�Ԃ�,burabura,",1,20,17,0,1,20,17,0",0

�u�����h,�Ԃ���,burando,",1,20,17,0,13,3,14",1

�u�����h��,�Ԃ��ǂ���,burandomono,",1,20,17,0,13,3,14,12,14,13,14",1

�U��Ԃ�,�ӂ肩����,furikaeru,",5,20,17,8,10,0,4,17,20",0

�U�����,�ӂ�ނ�,furimuku,",5,20,17,8,12,20,10,20",0

�U��,�ӂ�,furu,",5,20,17,20",0

�u���[,�Ԃ�[,buruu,",1,20,17,20,20",1

�t���[�c,�ӂ�[��,furuutsu,",5,20,17,20,20,19,18,20",1

�u���[�x���[,�Ԃ�[�ׂ�[,buruuberii,",1,20,17,20,20,1,4,17,8,8",1

�ӂ邳��,�ӂ邳��,furusato,",5,20,17,20,18,0,19,14",1

�Ö{��,�ӂ�ق��,furuhonya,",5,20,17,20,7,14,13,24,0",1

�u���[�L,�Ԃ�[��,bureeki,",1,20,17,4,4,10,8",1

�v��,�Ղ�,puro,",15,20,17,14",1

����,�ӂ�,funka,",5,20,13,10,0",1

���^,�Ԃ񂯂�,bunkei,",1,20,13,10,4,8",1

���n,�Ԃ񂯂�,bunkei,",1,20,13,10,4,8",1

���W,�Ԃ񂵂イ,bunshuu,",1,20,13,18,7,20,20",1

����,�Ԃ񂵂傤,bunshou,",1,20,13,18,7,14,20",1

�`���́`,�Ԃ��,bunno,",1,20,13,13,14",0

����,�Ԃ��,bunya,",1,20,13,24,0",1

�w�A�X�^�C��,�ւ���������,heasutairu,",7,4,0,18,20,19,0,8,17,20",1

����,�ւ�����,heikin,",7,4,8,10,8,13",1

���N�@,�ւ��˂�,heinen,",7,4,8,13,4,13",1

����,�ւ��߂�,heimen,",7,4,8,12,4,13",1

��,�ׂ�,betsu,",1,4,19,18,20",1

�y�b�g�{�g��,�؂��ƂڂƂ�,pettobotoru,",15,4,19,19,14,1,14,19,14,17,20",1

�w�b�h���C�g,�ւ��ǂ炢��,heddoraito,",7,4,3,3,14,17,0,8,19,14",1

�ʂ�,�ׂ�,betsuni,",1,4,19,18,20,13,8",0

���炷,�ւ炷,herasu,",7,4,17,0,18,20",0

�؂�؂�,�؂�؂�,perapera,",15,4,17,0,15,4,17,0",0

�x�����_,�ׂ��,beranda,",1,4,17,0,13,3,0",1

�w���R�v�^�[,�ւ肱�Ղ��[,herikoputaa,",7,4,17,8,10,14,15,20,19,0,0",1

�x��,�ׂ�,beru,",1,4,17,20",1

�x���g,�ׂ��,beruto,",1,4,17,20,19,14",1

�ω�,�ւ�,henka,",7,4,13,10,0",1

�y���L,�؂�,penki,",15,4,13,10,8",1

�ύX,�ւ񂱂�,henkou,",7,4,13,10,14,20",1

�x���`,�ׂ�,benchi,",1,4,13,2,7,8",1

�ԕi,�ւ�҂�,henpin,",7,4,13,15,8,13",1

��,�ق�,hou,",7,14,20",1

��,�ق�,hou,",7,14,20",1

�_,�ڂ�,bou,",1,14,20",1

����,�ق�����,hougen,",7,14,20,6,4,13",1

��V,�ق����イ,houshuu,",7,14,20,18,7,20,20",1

�ق���,�ق���,hoeru,",7,14,4,17,20",0

�ق��^�ق�,�ق�,hoo,",7,14,14",1

�z�[��,�ف[��,hoomu,",7,14,14,12,20",1

�ق��炩,�ق��炩,hogaraka,",7,14,6,0,17,0,10,0",0

����,�ق�,hosu,",7,14,18,20",0

�ג���,�ق��Ȃ���,hosonagai,",7,14,18,14,13,0,6,0,8",0

�z�b�g�h�b�O,�ق��Ƃǂ���,hottodoggu,",7,14,19,19,14,3,14,6,6,20",1

�{�f�B,�ڂł�,bodi,",1,14,3,8",1

�{�f�B�����Q�[�W,�ڂł���񂰁[��,bodirangeeji,",1,14,3,8,17,0,13,6,4,4,9,8",1

�ق߂�,�ق߂�,homeru,",7,14,12,4,17,20",0

�z���C�g,�ق킢��,howaito,",7,14,22,0,8,19,14",1

�{����,�ق�Ƃ���,hontouha,",7,14,13,19,14,20,7,0",0

�{�l,�ق�ɂ�,honnin,",7,14,13,13,8,13",1

�ق��,�ق��,honno,",7,14,13,13,14",0

�{��,�ق�Ԃ�,honbun,",7,14,13,1,20,13",1

�ۂ�ۂ�i�Ɓj,�ۂ�ۂ�,ponpon,",15,14,13,15,14,13",0

�{��,�ق����,honmono,",7,14,13,12,14,13,14",1

�{��,�ق�炢,honrai,",7,14,13,17,0,8",1

�܂��܂�,�܂��܂�,maamaa,",12,0,0,12,0,0",0

�}�C�i�X,�܂��Ȃ�,mainasu,",12,0,8,13,0,18,20",1

�O������,�܂�������,maemotte,",12,0,4,12,14,19,19,4",0

�C����,�܂�����,makaseru,",12,0,10,0,18,4,17,20",0

�܂���,�܂���,masaka,",12,0,18,0,10,0",0

�܂���,�܂���,masani,",12,0,18,0,13,8",0

�܂�,�܂�,mashi,",12,0,18,7,8",0

�܂��܂��@,�܂��܂�,masumasu,",12,0,18,20,12,0,18,20",0

�܂�,�܂�,mata,",12,0,19,0",0

�X,�܂�,machi,",12,0,2,7,8",1

�҂����킹,�܂����킹,machiawase,",12,0,2,7,8,0,22,0,18,4",1

�ԈႤ,�܂�����,machigau,",12,0,2,7,8,6,0,20",0

����,�܂����イ,machijuu,",12,0,2,7,8,9,20,20",1

�^����,�܂���,makka,",12,0,10,10,0",0

�^����,�܂�����,makkuro,",12,0,10,10,20,17,14",0

�}�b�T�[�W,�܂����[��,massaaji,",12,0,18,18,0,0,9,8",1

�^����,�܂�����,massao,",12,0,18,18,0,14",0

�^����,�܂�����,masshiro,",12,0,18,18,7,8,17,14",0

�S��,�܂�����,mattaku,",12,0,19,19,0,10,20",0

�S��,�܂�����,mattaku,",12,0,19,19,0,10,20",0

�}�i�[,�܂ȁ[,manaa,",12,0,13,0,0",1

�^��,�܂Ȃ�,manatsu,",12,0,13,0,19,18,20",1

�w��,�܂Ȃ�,manabu,",12,0,13,0,1,20",0

����,�܂悤,mayou,",12,0,24,14,20",0

�`�܂�,�܂�,maru,",12,0,17,20",0

�ۂ�,�܂邢,marui,",12,0,17,20,8",0

�܂��,�܂��,marude,",12,0,17,20,3,4",0

�ۂ�,�܂��,marumi,",12,0,17,20,12,8",1

����,�܂񂢂�,man'in,",12,0,13,-58,8,13",1

�}���K�^����,�܂�,manga,",12,0,13,6,0",1

����,�܂񂴂�,manzai,",12,0,13,25,0,8",1

����,�܂񂵂�,manshitsu,",12,0,13,18,7,8,19,18,20",1

����,�܂񂵂�,mansha,",12,0,13,18,7,0",1

����,�܂񂼂�,manzoku,",12,0,13,25,14,10,20",1

������,�܂񂼂�����,manzokukan,",12,0,13,25,14,10,20,10,0,13",1

�`��,��,mi,",12,8",0

��������,�݂�����,mikakeru,",12,8,10,0,10,4,17,20",0

�~�X,�݂�,misu,",12,8,18,20",1

��,�݂�����,mizuumi,",12,8,25,20,20,12,8",0

����,�݂���,mizugi,",12,8,25,20,6,8",1

�����ۂ�,�݂����ۂ�,mizuppoi,",12,8,25,20,15,15,14,8",0

�݂��`,�݂�����,misoshiru,",12,8,18,14,18,7,8,17,20",1

�`�݂���,�݂���,mitai,",12,8,19,0,8",0

����,�݂��т�,michibiku,",12,8,2,7,8,1,8,10,20",0

���ߍ���,�݂߂���,mitsumeau,",12,8,19,18,20,12,4,0,20",0

�F�߂�@,�݂Ƃ߂�,mitomeru,",12,8,19,14,12,4,17,20",0

��,�݂ǂ�,midori,",12,8,3,14,17,8",1

�g�ɂ�,�݂ɂ�,minitsuku,",12,8,13,8,19,18,20,10,20",0

�g�ɂ���,�݂ɂ���,minitsukeru,",12,8,13,8,19,18,20,10,4,17,20",0

�~���[�W�V����,�݂�[�������,myuujishan,",12,24,20,20,9,8,18,7,0,13",1

�`����,�ނ�,muki,",12,20,10,8",0

����,�ނ�,muku,",12,20,10,20",0

������,�ނ���,mukeru,",12,20,10,4,17,20",0

��,�ނ�,mushi,",12,20,18,7,8",1

�ނ���,�ނ���,mushiro,",12,20,18,7,8,17,14",0

����,�ނ�,musu,",12,20,18,20",0

���ѕt����,�ނ��т���,musubitsukeru,",12,20,18,20,1,8,19,18,20,10,4,17,20",0

����,�ނ��イ,muchuu,",12,20,2,7,20,20",1

����,�ނ߂�,mumei,",12,20,12,4,8",1

����,�ނ炶�イ,murajuu,",12,20,17,0,9,20,20",1

������,�ނ��,murini,",12,20,17,8,13,8",0

�`��,��,me,",12,4",0

����,�߂�����,meigen,",12,4,8,6,4,13",1

���f,�߂��킭,meiwaku,",12,4,8,22,0,10,20",1

���f����,�߂��킭����,meiwakusuru,",12,4,8,22,0,10,20,18,20,17,20",0

���[�J�[,�߁[���[,meekaa,",12,4,4,10,0,0",1

���[��,�߁[��,meeru,",12,4,4,17,20",1

�ڂ��Ȃ�,�߂��Ȃ�,meganai,",12,4,6,0,13,0,8",0

�ڎw��,�߂���,mezasu,",12,4,25,0,18,20",0

���W���[���[�O,�߂���[��[��,mejaariigu,",12,4,9,0,0,17,8,8,6,20",1

���b�Z�[�W,�߂����[��,messeeji,",12,4,18,18,4,4,9,8",1

�`�ڂɂ���,�߂ɂ���,meniau,",12,4,13,8,0,20",0

�`�߂�,�߂�,meru,",12,4,17,20",0

�Ɖu��,�߂񂦂���傭,men'ekiryoku,",12,4,13,-58,4,10,8,17,24,14,10,20",1

�Ƌ�,�߂񂫂�,menkyo,",12,4,13,10,24,14",1

�ʐ�,�߂񂹂�,mensetsu,",12,4,13,18,4,19,18,20",1

�ʐڎ���,�߂񂹂�����,mensetsushiken,",12,4,13,18,4,19,18,20,18,7,8,10,4,13",1

�ړI�n,�����Ă���,mokutekichi,",12,14,10,20,19,4,10,8,2,7,8",1

�ڕW,�����Ђ傤,mokuhyou,",12,14,10,20,7,24,14,20",1

����,����,moji,",12,14,9,8",1

�����ʂ�,�����ǂ���,mojidoori,",12,14,9,8,3,14,14,17,8",0

������,������,moshimo,",12,14,18,7,8,12,14",0

�������̂���,�������̂���,moshimonokoto,",12,14,18,7,8,12,14,13,14,10,14,19,14",1

����,����,mochi,",12,14,2,7,8",1

���������Ȃ�,���������Ȃ�,mottainai,",12,14,19,19,0,8,13,0,8",0

�ł�,�����Ƃ�,mottomo,",12,14,19,19,14,12,14",0

���f��,���ł�,moderu,",12,14,3,4,17,20",1

���߂�,���Ƃ߂�,motomeru,",12,14,19,14,12,4,17,20",0

���X,���Ƃ���,motomoto,",12,14,19,14,12,14,19,14",0

�`��,����,mono,",12,14,13,14",0

����,���̂�����,monogatari,",12,14,13,14,6,0,19,0,17,8",1

���Â���,���̂Â���,monozukuri,",12,14,13,14,25,20,10,20,17,8",1

���F,��������,momoiro,",12,14,12,14,8,17,14",1

�R�₷,���₷,moyasu,",12,14,24,0,18,20",0

�������,�������,moritsukeru,",12,14,17,8,19,18,20,10,4,17,20",0

����,����,moru,",12,14,17,20",0

����,����,monku,",12,14,13,10,20",1

�Ă���,�₫�ɂ�,yakiniku,",24,0,10,8,13,8,10,20",1

�싅��,�₫�イ���傤,yakyuujou,",24,0,10,24,20,20,9,14,20",1

��,�₭,yaku,",24,0,10,20",0

����,�₭����,yakusha,",24,0,10,20,18,7,0",1

����,�₭���,yakuwari,",24,0,10,20,22,0,17,8",1

�����ۂ�,�₷���ۂ�,yasuppoi,",24,0,18,20,15,15,14,8",0

����,�₽��,yatai,",24,0,19,0,8",1

����ς�,����ς�,yappari,",24,0,15,15,0,17,8",0

��},��Ƃ�,yatou,",24,0,19,14,20",1

��͂�,��͂�,yahari,",24,0,7,0,17,8",0

�j��,��Ԃ�,yaburu,",24,0,1,20,17,20",0

�a,��܂�,yamai,",24,0,12,0,8",1

�a�͋C����,��܂��͂�����,yamaihakikara,",24,0,12,0,8,7,0,10,8,10,0,17,0",0

�R�Ύ�,��܂���,yamakaji,",24,0,12,0,10,0,9,8",1

�R����,��܂���,yamagoya,",24,0,12,0,6,14,24,0",1

���,���,yaya,",24,0,24,0",0

���C,��邫,yaruki,",24,0,17,20,10,8",1

�E�C,�䂤��,yuuki,",24,20,20,10,8",1

�F��,�䂤���傤,yuujou,",24,20,20,9,14,20",1

�F�l,�䂤����,yuujin,",24,20,20,9,8,13",1

�ፑ,�䂫����,yukiguni,",24,20,10,8,6,20,13,8",1

����,�䂸��,yuzuru,",24,20,25,20,17,20",0

�L��,�䂽��,yutaka,",24,20,19,0,10,0",0

���f,�䂾��,yudan,",24,20,3,0,13",1

��ł�,��ł�,yuderu,",24,20,3,4,17,20",0

��Ƃ�,��Ƃ�,yutori,",24,20,19,14,17,8",1

�w,���,yubi,",24,20,1,8",1

�w��,��т���,yubisaki,",24,20,1,8,18,0,10,8",1

����,��邷,yurusu,",24,20,17,20,18,20",0

�h���,����,yureru,",24,20,17,4,17,20",0

�閾��,�悠��,yoake,",24,14,0,10,4",1

�z�C,�悤��,youki,",24,14,20,10,8",0

�p��,�悤��,yougo,",24,14,20,6,14",1

�p��,�悤��,youshi,",24,14,20,18,7,8",1

�v�f,�悤��,youso,",24,14,20,18,14",1

�c�t��,�悤������,youchien,",24,14,20,2,7,8,4,13",1

�p��,�悤�ꂢ,yourei,",24,14,20,17,4,8",1

�\��,�悩��,yokan,",24,14,10,0,13",1

�悭,�悭,yoku,",24,14,10,20",0

�\��,�悰��,yogen,",24,14,6,4,13",1

�\��,�悱��,yokoku,",24,14,10,14,10,20",1

���ɂȂ�,�悱�ɂȂ�,yokoninaru,",24,14,10,14,13,8,13,0,17,20",0

�悵,�悵,yoshi,",24,14,18,7,8",0

�\�I,�悹��,yosen,",24,14,18,4,13",1

�\�z,�悻��,yosou,",24,14,18,14,20",1

�\��,�悻��,yosoku,",24,14,18,14,10,20",1

�\�m,�悿,yochi,",24,14,2,7,8",1

���b�g,�����,yotto,",24,14,19,19,14",1

��������,����ς炤,yopparau,",24,14,15,15,0,17,0,20",0

�^�},��Ƃ�,yotou,",24,14,19,14,20",1

�钆,��Ȃ�,yonaka,",24,14,13,0,10,0",1

���̒�,��̂Ȃ�,yononaka,",24,14,13,14,13,0,10,0",1

�\��,���,yobi,",24,14,1,8",1

�\���Z,��т���,yobikou,",24,14,1,8,10,14,20",1

�Ă�,���,yobu,",24,14,1,20",0

�\�h,��ڂ�,yobou,",24,14,1,14,20",1

���,���,yori,",24,14,17,8",0

���,��낱��,yorokobu,",24,14,17,14,10,14,1,20",0

��܂�,���܂�@,yowamaru ,",24,14,22,0,12,0,17,20,-65",0

���,����,yowami,",24,14,22,0,12,8",1

��߂�,���߂�,yowameru,",24,14,22,0,12,4,17,20",0

�`��,��,ra,",17,0",0

���[����,��[�߂�,raamen,",17,0,0,12,4,13",1

���C�I��,�炢����,raion,",17,0,8,14,13",1

���C�o��,�炢�΂�,raibaru,",17,0,8,1,0,17,20",1

����,�炭��,rakugo,",17,0,10,20,6,14",1

����,�炭����,rakuseki,",17,0,10,20,18,4,10,8",1

���O�r�[,�炮�с[,ragubii,",17,0,6,20,1,8,8",1

�y�ϓI,�������Ă�,rakkanteki,",17,0,10,10,0,13,19,4,10,8",0

���x��,��ׂ�,raberu,",17,0,1,4,17,20",1

�����N,���,ranku,",17,0,13,10,20",1

���[�_�[,��[���[,riidaa,",17,8,8,3,0,0",1

����,�肩,rika,",17,8,10,0",1

����,�肩��,rikai,",17,8,10,0,8",1

���n,�肯��,rikei,",17,8,10,4,8",1

�`��,���,ritsu,",17,8,19,18,20",0

���̓I,��������Ă�,rittaiteki,",17,8,19,19,0,8,19,4,10,8",0

���h,�����,rippa,",17,8,15,15,0",0

���s,��イ����,ryuukou,",17,24,20,20,10,14,20",1

�����b�N�T�b�N,������������,ryukkusakku,",17,24,20,10,10,20,18,0,10,10,20",1

�`��,��傤,ryou,",17,24,14,20",0

����,��傤����,ryougawa,",17,24,14,20,6,0,22,0",1

����,��傤����,ryoukin,",17,24,14,20,10,8,13",1

�ы�,��񂬂傤,ringyou,",17,8,13,6,24,14,20",1

��,�ꂢ,rei,",17,4,8",1

0.�`,�ꂢ�Ă�`,reiten~,",17,4,8,19,4,13,29",0

�Ⓚ,�ꂢ�Ƃ�,reitou,",17,4,8,19,14,20",1

���V�[�g,�ꂵ�[��,reshiito,",17,4,18,7,8,8,19,14",1

��,���,retsu,",17,4,19,18,20",1

���b�h,�����,reddo,",17,4,3,3,14",1

��,����Ƃ�,rettou,",17,4,19,19,14,20",1

���x��,��ׂ�,reberu,",17,4,1,4,17,20",1

���|�[�g,��ہ[��,repooto,",17,4,15,14,14,19,14",1

����,��񂠂�,ren'ai,",17,4,13,-58,0,8",0

�A�z,��񂻂�,rensou,",17,4,13,18,14,20",0

�����^����,��񂽂��傤,rentaruryou,",17,4,13,19,0,17,20,17,24,14,20",1

�V��,�낤��,rougo,",17,14,20,6,14",1

�낤����,�낤����,rousoku,",17,14,20,18,14,10,20",1

�V�k,�낤��,rouba,",17,14,20,1,0",1

���[�v,��[��,roopu,",17,14,14,15,20",1

���{�b�g,��ڂ���,robotto,",17,14,1,14,19,19,14",1

�`�H,��,wa,",22,0",0

�䂪��,�킪����,wagasha,",22,0,6,0,18,7,0",1

�킪�܂�,�킪�܂�,wagamama,",22,0,6,0,12,0,12,0",0

���,�킩����,wakamono,",22,0,10,0,12,14,13,14",1

�������,�킩���,wakareru,",22,0,10,0,17,4,17,20",0

�킭�킭,�킭�킭,wakuwaku,",22,0,10,20,22,0,10,20",0

�a��,�킲,wago,",22,0,6,14",1

�킴�킴,�킴�킴,wazawaza,",22,0,25,0,22,0,25,0",0

�Y����ۂ�,�킷����ۂ�,wasureppoi,",22,0,18,20,17,4,15,15,14,8",0

�b��,�킾��,wadai,",22,0,3,0,8",1

�΂�,��炢,warai,",22,0,17,0,8",1

�΂���ɂ͕�������,��炤���ǂɂ͂ӂ�������,waraukadonihafukukitaru,",22,0,17,0,20,10,0,3,14,13,8,7,0,5,20,10,20,10,8,19,0,17,20",0

�`��,���,wari,",22,0,17,8",0

����,��肠��,wariai,",22,0,17,8,0,8",1

���荞��,��肱��,warikomu,",22,0,17,8,10,14,12,20",0

����,���,waru,",22,0,17,20",0

����,���,waru,",22,0,17,20",0

