name,label
しげのぶ,0
あさみ,1
てつじ,0
しな,1
とくひこ,0
れい,1
ひさえ,1
まき,1
さちみ,1
ひでし,0
ひろかず,0
まさのぶ,0
しげや,0
てつや,0
いっせい,0
まき,1
ゆうみ,1
けい,1
でんざぶろう,0
きよしげ,0
もとみ,0
まこと,1
ともみ,1
げんぺい,0
つぐお,0
せいいち,0
くにひろ,0
たかお,0
つぎお,0
よしあき,0
せいしろう,0
みほこ,1
くにみ,1
たかじ,0
やすぞう,0
くによし,0
ちえ,1
まさおみ,0
みちまさ,0
さだお,0
ぶんご,0
こうき,0
みつえ,1
ひろと,0
ゆい,1
よしえ,1
なおこ,1
かずひさ,0
せいや,0
さとる,0
あいか,1
しげとし,0
しょうき,0
ただすけ,0
たかみち,0
たつお,0
みえこ,1
もとひさ,0
たつみ,0
こうじ,0
やすみ,1
えいご,0
あさみ,1
まさおみ,0
なつみ,1
ひろし,0
ふさみ,1
ひろあき,0
みき,1
ひとみ,1
けい,1
ゆきお,0
てるまさ,0
まさひろ,0
しゅうじ,0
てつこ,1
あきひさ,0
いさお,0
よしお,0
てるよし,0
なりお,0
まき,1
りきや,0
ちえこ,1
ともえ,1
やすへい,0
けいじ,0
ももよ,1
かずき,0
はるみ,1
やすみ,1
よしあき,0
さんぺい,0
いっせい,0
のりゆき,0
よしひさ,0
とくひこ,0
まもる,0
ひでお,0
ていじ,0
ゆり,1
よしのぶ,0
ふゆき,0
れい,1
てるこ,1
かつと,0
ともよし,0
よしこ,1
よしかず,0
みちまさ,0
るりこ,1
のぞみ,1
もとひさ,0
とよし,0
でんざぶろう,0
ひでみつ,0
まり,1
れいな,1
ともお,0
ぐんいち,0
よしのり,0
きょうあ,0
よしたけ,0
こうこ,1
しょうじろう,0
とらのすけ,0
まつじろう,0
なおこ,1
かよこ,1
ひでゆき,0
まき,1
ひろのり,0
しんや,0
けいじ,0
ふみお,0
あきよ,1
みさお,0
さくこ,1
ともかつ,0
えつこ,1
はるお,0
あきひろ,0
あさみ,1
はるの,1
じゅんいちろう,0
ようのすけ,0
きよひろ,0
たかよし,0
たえこ,1
ちょういちろう,0
きくお,0
よしとし,0
ゆうこ,1
れいな,1
かずひさ,0
さちお,0
いちお,0
たけひさ,0
かつと,0
やすのぶ,0
りえこ,1
まさお,0
まきこ,1
まさはる,0
つねひろ,0
たきこ,1
ぶんご,0
さちみ,1
よしまさ,0
みちひこ,0
よしろう,0
あかね,1
まさえ,0
ひろまさ,0
まき,1
さだお,0
としお,0
なつみ,1
まさふみ,0
のりひろ,0
ふさみ,1
とよあき,0
なりみ,1
りえこ,1
みえこ,1
たけし,0
ともこ,1
よしえ,1
いちお,0
えみ,1
めぐみ,1
ひでのり,0
さとみ,1
なりみ,1
ひろやす,0
のぶこ,1
しょうぞう,0
としろう,0
よしはる,0
よりふみ,0
ゆうこ,1
ひろむ,0
まさはる,0
てるまさ,0
かくたろう,0
きんじ,0
よしひこ,0
よしはる,0
りえこ,1
やすひで,0
りえこ,1
あきひろ,0
あきよ,1
みきお,0
はるゆき,0
しんじ,0
ゆうしろう,0
ひさや,0
ちず,1
たかこ,1
ひでひろ,0
ともみ,1
ゆりこ,1
きみえ,1
はつみ,1
ゆうじろう,0
かずのり,0
ちこと,1
しんき,0
よしろう,0
かつひろ,0
かつゆき,0
りえ,1
ひとみ,1
かつひろ,0
さとし,0
せいこ,1
かずよし,0
うんきち,0
いっせい,0
ゆきこ,1
かつあき,0
まりこ,1
あきひさ,0
きよ,1
いさみ,1
なおこ,1
しゅうきち,0
ともたか,0
ていじ,0
とも,1
なおみ,1
あきこ,1
なおたけ,0
ようこ,1
しんや,0
まさふみ,0
せいな,1
ぜんじ,0
もとおみ,0
きゅうさく,0
あゆみ,1
たけいち,0
のぞみ,1
えいのすけ,0
まき,1
きくこ,1
こうたろう,0
ともえ,1
しげつぐ,0
まさえ,0
いっせい,0
としひこ,0
ゆうこう,0
じゅんじ,0
まき,1
ともこ,1
かつと,0
のぶひろ,0
たけお,0
つねじ,0
たけとし,0
えいのすけ,0
なおみ,1
ためいちろう,0
としろう,0
そういち,0
すえお,0
ようじ,0
みき,1
あつこ,1
じゅんこ,1
きんや,0
えみ,1
いくお,0
あすか,1
たかお,0
なみ,1
せいご,0
みえこ,1
きょうあ,0
ゆうこ,1
よしのり,0
たかしげ,0
しんや,0
としのり,0
しゅうきち,0
ゆい,1
じゅんこ,1
ゆきこ,1
こういち,0
まさる,0
たづこ,1
すえたか,0
れい,1
よしのり,0
きよみ,1
ひこよし,0
まさのぶ,0
なおこ,1
ただし,0
まつじろう,0
とくひこ,0
ゆきひろ,0
なおみ,1
かずひろ,0
くによし,0
やすたみ,0
なりお,0
しょうき,0
まさき,0
よしのり,0
とみお,0
しんや,0
さとる,0
りょうじ,0
のりゆき,0
たかひこ,0
ゆうこ,1
りえ,1
しゅうへい,0
ゆうじ,0
しげざぶろう,0
せいじろう,0
なみ,1
ひろえ,1
ゆうしろう,0
みつてる,0
まき,1
すいせん,0
けんや,0
りえ,1
きちじ,0
かずき,0
たけし,0
かつひで,0
たけいち,0
まさる,0
よしお,0
まり,1
みき,1
あいさく,0
くにえ,1
ともこ,1
けいし,0
よしひろ,0
てつあき,0
まき,1
きちじ,0
ようこ,1
よしき,0
ひろき,0
しゅんじ,0
れな,1
まさはる,0
けいじ,0
たけし,0
ひろかず,0
こうぞう,0
みよ,1
のりあき,0
のぶひろ,0
としお,0
さちみ,1
とくこ,1
しんき,0
すみのり,0
れいな,1
みやび,1
ひびき,0
すえたか,0
うめたろう,0
さやか,1
はるゆき,0
とくこ,1
かつし,0
たつお,0
やすじ,0
よしのぶ,0
やすへい,0
なおこ,1
やすお,0
あい,1
ふみお,0
てるかず,0
よしまさ,0
よしゆき,0
つばさ,0
ひさや,0
よしひさ,0
ゆうじ,0
ようすけ,0
ゆきひこ,0
まもる,0
じゅんた,0
あいさく,0
よしゆき,0
みつお,0
しげき,0
すみたか,0
さとし,0
かずみ,0
きみきち,0
みき,1
せいこ,1
もりかつ,0
しんじろう,0
きくえ,1
たくじ,0
ひろよし,0
やすぞう,0
ふみお,0
ゆい,1
せいや,0
るみこ,1
あさみ,1
えりこ,1
ともはる,0
たけし,0
たかのり,0
みやび,1
ゆうこ,1
よしろう,0
ひでみつ,0
よしまさ,0
ともこ,1
まさみつ,0
とくひこ,0
るりこ,1
りょうや,0
としつぐ,0
しげぞう,0
ももよ,1
きょうぞう,0
ひろゆき,0
としのり,0
まさのぶ,0
こうじ,0
じゅんた,0
ふみゆき,0
みき,1
けいすけ,0
くらみ,1
やすひで,0
としみつ,0
はつみ,1
しげゆき,0
たくじ,0
かずひさ,0
ともこ,1
のぶこ,1
りょうじ,0
よしまさ,0
くにみ,1
ありか,1
としかつ,0
たけひさ,0
さだひさ,0
ひでひろ,0
あきよ,1
すみ,1
いくみ,1
やすお,0
ともはる,0
しげつぐ,0
なつこ,1
さとみ,1
ともこ,1
くにお,0
はるお,0
ありか,1
つばさ,0
ちせこ,1
こうじ,0
ようのすけ,0
てつあき,0
やすのり,0
けい,1
よしまさ,0
ともみ,1
しょうぞう,0
じゅんこ,1
ゆうこう,0
よしひろ,0
へいさく,0
たきこ,1
よしひろ,0
たえこ,1
はつみ,1
しょうじろう,0
ぶんご,0
ひろかず,0
よしまさ,0
しげつぐ,0
ゆい,1
あきのり,0
まもる,0
もとのぶ,0
れいな,1
のぶはる,0
かつし,0
ひろえ,1
さちお,0
たかひこ,0
たつみ,0
あいじろう,0
かずや,0
ふみ,1
もへい,0
りゅうぞう,0
まり,1
よしまさ,0
なおこ,1
よしひこ,0
りゅうじ,0
とも,1
のりあき,0
しゅうじ,0
よしかつ,0
ゆうこ,1
やすお,0
てるや,0
すみお,0
なおあき,0
まさてる,0
ゆうか,1
はじめ,0
ひでとし,0
としえ,1
ひとし,0
たくじ,0
こうじ,0
あいか,1
たつみ,0
よしき,0
さとし,0
りゅうぞう,0
ともこ,1
まさやす,0
りえ,1
れい,1
さじゅうろう,0
れい,1
つねゆき,0
としひろ,0
たつお,0
えつこ,1
まさひろ,0
たかのり,0
みつえ,1
じゅんこ,1
かずや,0
けんたろう,0
ゆうこ,1
まさはる,0
あいさく,0
せいな,1
あきのり,0
まき,1
はじめ,0
まさひろ,0
てつあき,0
のぶと,0
たつみ,0
えいはちろう,0
とよつぐ,0
たえこ,1
えみ,1
しげつぐ,0
りゅうぞう,0
よしのり,0
じょうすけ,0
とりぞう,0
ようすけ,0
つねひろ,0
しょうぞう,0
としひろ,0
えり,1
よしえ,1
なおあき,0
ひろのり,0
せいご,0
のぞみ,1
やすし,0
えいき,0
ぐんいち,0
まさき,0
かずしげ,0
たつや,0
ひさえ,1
ももよ,1
やすのり,0
よしあき,0
ゆきお,0
もとひさ,0
さやか,1
ちず,1
ひとみ,1
きよのぶ,0
しげふみ,0
みちまさ,0
たかしげ,0
じんざぶろう,0
みよ,1
ちえこ,1
けんいち,0
あきこ,1
のりあき,0
ゆきと,0
とみよし,0
ともみ,1
きくお,0
しげぞう,0
じゅんこ,1
ともお,0
よしえ,1
ゆうじろう,0
りさ,1
たけひさ,0
ひょうきち,0
こうざぶろう,0
みき,1
さんぺい,0
へいさく,0
ひろき,0
ゆう,1
かずのり,0
まき,1
こうしろう,0
まさのぶ,0
たかみち,0
あゆみ,1
ただあき,0
やすへい,0
ときじ,0
きくはる,0
いそえ,1
りか,1
ゆうか,1
まさひこ,0
きわ,1
たかのり,0
やすお,0
きんじ,0
きみのり,0
きよたか,0
かずま,0
ゆうこ,1
ちず,1
ゆい,1
やすのぶ,0
まり,1
よしひろ,0
りょうこ,1
ひさのり,0
ゆうこう,0
けいじ,0
はつみ,1
やすのぶ,0
さじゅうろう,0
のぞみ,1
のりひこ,0
ゆい,1
さとし,0
みのぶ,0
ゆきひこ,0
きよみ,1
やすお,0
さくこ,1
よしかつ,0
やすたみ,0
かつもと,0
てるや,0
いくお,0
たかし,0
けい,1
ひろまさ,0
さんぺい,0
ありか,1
さちみ,1
すいせん,0
ひでみつ,0
ひでし,0
のりあき,0
たくお,0
ぜんじ,0
かずひろ,0
ひでじろう,0
よしき,0
きよのぶ,0
かずひろ,0
ただあき,0
ともこ,1
かねのり,0
すみのり,0
きくこ,1
よしくに,0
ただあき,0
じゅんいちろう,0
なおあき,0
あきひろ,0
けい,1
まさよし,0
いくみ,1
かつのぶ,0
とくこ,1
ゆきひこ,0
りえこ,1
りょうこ,1
もとおみ,0
てつこ,1
えいのすけ,0
まさお,0
しゅんじ,0
みちたか,0
ひさえ,1
のぶや,0
まさみ,1
なつみ,1
みのぶ,0
やすし,0
ちえこ,1
みつほ,0
さじゅうろう,0
ゆう,1
ちず,1
きみえ,1
しんぺい,0
まり,1
しゅうじ,0
ひでし,0
のぶひろ,0
としじ,0
あきお,1
みよ,1
よしはる,0
ゆきのぶ,0
ひろゆき,0
ゆきひろ,0
ふさお,0
ながこ,1
ますみ,0
しゅんろう,0
しょうこ,1
ゆうこ,1
ひでお,0
ひでのり,0
のりしげ,0
よしふみ,0
かずのり,0
よしひさ,0
よしかず,0
としみつ,0
きみえ,1
たかまさ,0
もとおみ,0
あき,1
まき,1
あきのり,0
すいせん,0
のりかつ,0
ひろき,0
ともみ,1
ちせこ,1
ともこ,1
ゆり,1
かずま,0
しげいち,0
やすたみ,0
あきのり,0
とみよし,0
いわみ,1
しょうぞう,0
みちかず,0
みつお,0
のぞみ,1
そうすけ,0
けい,1
よしかつ,0
もとおみ,0
もへい,0
ゆきお,0
のぶひろ,0
ゆり,1
よしくに,0
かずや,0
みさと,1
たづこ,1
のりゆき,0
ちこと,1
ひろし,0
しげふみ,0
しょうへい,0
よししげ,0
ゆうこ,1
よしひろ,0
じゅんこ,1
まさみ,1
よしひで,0
たかとし,0
まさおみ,0
まゆみ,1
よしのり,0
ひろゆき,0
せんじ,0
たかや,0
あすか,1
ひさえ,1
りえこ,1
とも,1
ますぞう,0
よしひこ,0
ようすけ,0
しゅんろう,0
ひさみ,1
じゅんこ,1
いちお,0
せんじ,0
のぶえ,1
こうざぶろう,0
ひこよし,0
ただすけ,0
しげつぐ,0
まき,1
かつみ,0
かずよ,1
かつじ,0
とよあき,0
むねし,0
まさひろ,0
ひろひと,0
ひとみ,1
きみきち,0
すみのり,0
わきこ,1
じゅんこ,1
ともみ,1
みきや,0
ますみ,0
ゆうこう,0
たけひさ,0
てるかず,0
よしかず,0
しょうこ,1
きみえ,1
のぶえ,1
とよあき,0
のりかつ,0
りえ,1
ともこ,1
ゆういちろう,0
たつお,0
まき,1
きんや,0
よしや,0
みさ,1
ぐんいち,0
ひさや,0
くによし,0
ゆうこう,0
ちよえ,1
のぞみ,1
もとい,0
なおこ,1
ただすけ,0
たきこ,1
まき,1
とよし,0
としのり,0
はるの,1
けんご,0
よしまさ,0
きみえ,1
やすお,0
みちよし,0
ただし,0
いさみ,1
たくお,0
とみよし,0
せいじ,0
ひろひと,0
ゆきのぶ,0
ちせこ,1
よしゆき,0
けんじ,0
なおひろ,0
のりお,0
けいし,0
よしたか,0
ともよし,0
とも,1
えみ,1
えいのすけ,0
えり,1
みつえ,1
とくひこ,0
じゅんいちろう,0
とくこ,1
かねよし,0
てつこ,1
ひょうきち,0
ひでひろ,0
ゆきお,0
のぞみ,1
やすみつ,0
ひろやす,0
かんいち,0
みよ,1
きんじ,0
としみつ,0
さだお,0
みき,1
よしちか,0
けんじ,0
やすへい,0
まさふみ,0
ひろき,0
さだお,0
はるゆき,0
たくじ,0
せつみ,1
たかよし,0
かずひろ,0
よしかず,0
ひろあき,0
よしお,0
あすか,1
よしひろ,0
なりお,0
こういちろう,0
けんじ,0
しょうき,0
あつこ,1
てつじ,0
たけお,0
ひろむ,0
えいすけ,0
かつじ,0
ゆうじろう,0
りゅうじ,0
まさじ,0
こうこ,1
ふさみ,1
ひろゆき,0
すえお,0
しゅうきち,0
ゆきお,0
みちお,0
けさお,0
えいき,0
たけひさ,0
ひろえ,1
しげふみ,0
めぐみ,1
いくお,0
としひろ,0
ゆうこ,1
せいこ,1
りゅうじ,0
よしちか,0
まさき,0
とも,1
よしろう,0
そうのすけ,0
まさちか,0
たけし,0
ひさのり,0
ゆりこ,1
たつや,0
さんぺい,0
よしのり,0
むねし,0
のりお,0
りょういち,0
ひろや,0
あいじろう,0
いくお,0
じんざぶろう,0
こういちろう,0
たきこ,1
しな,1
しょうぞう,0
としえ,1
じゅんじ,0
とおる,0
ともえ,1
みちよし,0
せいや,0
みつえ,1
はるの,1
けんたろう,0
つばさ,0
もとひさ,0
しげいち,0
えつこ,1
みつてる,0
りえこ,1
りか,1
ふみゆき,0
ゆい,1
りゅうきち,0
りえこ,1
なおこ,1
たけし,0
よしのり,0
しんき,0
あや,1
かずま,0
ようこ,1
ひろみ,1
りさ,1
なおたけ,0
まさみ,1
ともお,0
まさお,0
みき,1
ぎんのすけ,0
よういちろう,0
きよひろ,0
けんじ,0
ただひろ,0
ともゆき,0
じゅんこ,1
よしのぶ,0
よしみ,1
もとひさ,0
ふさお,0
しんご,0
まさたか,0
いわみ,1
ためいちろう,0
れいや,0
まさのぶ,0
としこ,1
しゅんろう,0
あきひろ,0
さやか,1
ともあき,0
ゆきのぶ,0
のぶひろ,0
たくじ,0
ひこよし,0
のぞみ,1
あきひろ,0
よしお,0
まさお,0
さわこ,1
なおみ,1
ゆうこう,0
えり,1
よしひろ,0
とみよし,0
ともえ,1
まさみつ,0
すみ,1
よしひで,0
よしつぐ,0
しげのり,0
としみつ,0
よしひろ,0
きよのぶ,0
りえ,1
よしのぶ,0
まさお,0
あゆみ,1
よしや,0
かつもと,0
やすみ,1
ゆうこ,1
ひでゆき,0
ひでかず,0
よしはる,0
まさみ,1
すみたか,0
けいたろう,0
さだお,0
きみのり,0
るりこ,1
ひとき,0
としお,0
さくこ,1
みきや,0
ゆうみ,1
よしあき,0
よしつぐ,0
よしこ,1
なつこ,1
れいや,0
よしひさ,0
ともみ,1
きよみ,1
かつし,0
としじ,0
さとし,0
よしこ,1
のぶや,0
ともみ,1
ゆい,1
たつみ,0
ゆみ,1
ゆうしろう,0
のぞみ,1
ゆうしろう,0
れいな,1
なりみ,1
としみつ,0
みのぶ,0
ようじ,0
しげふみ,0
きょうぞう,0
ぶんご,0
たつお,0
しげぞう,0
たけよし,0
めぐみ,1
れいこ,0
ひろみ,1
たつみ,0
はるの,1
みお,1
まさゆき,0
たいぞう,0
じょうすけ,0
せいしろう,0
てつこ,1
よししげ,0
りえ,1
えいはちろう,0
あきよし,0
のぶや,0
かつと,0
えつこ,1
みつてる,0
やすたみ,0
しょうへい,0
まり,1
みさお,0
ただゆき,0
りさ,1
きくこ,1
けいすけ,0
すみお,0
ひこよし,0
かずひさ,0
ゆうじ,0
しんたろう,0
ようすけ,0
あやこ,1
こうたろう,0
さちみ,1
やすのり,0
よしみ,0
さじゅうろう,0
こうしろう,0
やすのり,0
よしや,0
のぶよし,0
のりひろ,0
さだゆき,0
よしあき,0
さゆみ,1
さとみ,1
きんじ,0
まちこ,1
むつお,0
たけとし,0
みはる,1
とりぞう,0
なおこ,1
ひろや,0
げんぺい,0
りえこ,1
さだひさ,0
つとむ,0
ますみ,0
なおき,0
まさひろ,0
まき,1
ゆきむら,0
みつえ,1
みつほ,0
ともこ,1
ますぞう,0
さゆみ,1
たかじ,0
こういちろう,0
そういち,0
せいな,1
ゆうたろう,0
せいいち,0
ゆきと,0
きしろう,0
りえ,1
としかつ,0
としじ,0
なおたけ,0
ちこと,1
のぶこ,1
おりえ,1
うめたろう,0
みつのり,0
ただかず,0
まさし,0
かつみ,0
のりゆき,0
ふさみ,1
はるゆき,0
まさあき,0
くにひろ,0
てるこ,1
かつゆき,0
かずと,0
あきひろ,0
しげよし,0
えいすけ,0
はるじ,0
さだじ,0
あやこ,1
ながお,0
じゅんこ,1
ひでじろう,0
みちこ,1
くにみ,1
やすお,0
さちみ,1
れいな,1
たもつ,0
ゆりこ,1
きしろう,0
いさお,0
ただかず,0
けい,1
ひろひと,0
れい,1
れいな,1
ひろし,0
ともはる,0
かずや,0
はんすけ,0
じゅんこ,1
まさたか,0
あいじろう,0
たけし,0
しんじ,0
しょうじろう,0
もとおみ,0
もとみ,0
ちず,1
のぶよし,0
みき,1
きよかず,0
かずよし,0
ゆきお,0
ふみお,0
としお,0
としみ,1
ともたか,0
けいじ,0
のりかつ,0
みのぶ,0
のりゆき,0
あや,1
まさじ,0
さだゆき,0
けんご,0
ゆうしろう,0
なつみ,1
ひろや,0
いさみ,1
ぐんいち,0
ぐんいち,0
じゅんろう,0
ひろや,0
としひこ,0
ときお,0
たかお,0
としやす,0
むつお,0
つとむ,0
かつゆき,0
としえ,1
れな,1
まさちか,0
かつひで,0
つねゆき,0
ただゆき,0
のりひろ,0
けんいち,0
えつこ,1
りえ,1
つねかず,0
ともみ,1
ゆうき,0
たみこ,1
ひろしげ,0
たくお,0
りえこ,1
こうぞう,0
けいじ,0
あすか,1
えりこ,1
れいこ,1
かくたろう,0
まさき,0
たけし,0
あつなり,0
みちまさ,0
ゆりこ,1
やすひで,0
きみお,0
すみお,0
れいこ,0
ゆきむら,0
いそえ,1
りえこ,1
たづこ,1
まきこ,1
のぶよし,0
よしあき,0
せいこ,1
みつよし,0
みちこ,1
よしろう,0
せいじ,0
のりお,0
しげゆき,0
ゆうか,1
みさ,1
すみのり,0
ひさのり,0
たつみ,0
てるこ,1
はるみ,1
ゆみ,1
なおこ,1
げんぺい,0
しんぺい,0
さよこ,1
くによし,0
けんぞう,0
ふみのり,0
つねかず,0
まつじろう,0
なおみ,1
みき,1
みき,1
あいさく,0
しんぺい,0
せいしろう,0
みちお,0
ただゆき,0
あきひろ,0
ゆうき,0
とも,1
のぶや,0
よしき,0
つぎお,0
なりお,0
あきよし,0
よしとし,0
あつや,0
すいせん,0
りゅうきち,0
あきみ,1
たつお,0
れいいち,0
のりお,0
よしえ,1
ますぞう,0
かつし,0
こういち,0
りか,1
ようじ,0
はつみ,1
ひではる,0
やすたみ,0
きよひろ,0
まさひこ,0
いっせい,0
ひろかず,0
あいじろう,0
あつし,0
こうき,0
としひと,0
さちみ,1
ひでとし,0
みさお,0
ようこ,1
はるゆき,0
てつじ,0
のぞみ,1
てるかず,0
うんきち,0
わきこ,1
てつや,0
あきのり,0
こうじ,0
さとみ,1
ぐんいち,0
でんざぶろう,0
むねし,0
みはる,1
こうじ,0
とよあき,0
なつみ,1
たかひで,0
かつと,0
かつと,0
よしえ,1
もとひさ,0
てるまさ,0
たかし,0
ともこ,1
かつみ,0
みき,1
ゆうこ,1
けさお,0
ともえ,1
けんじ,0
ふみゆき,0
かずと,0
しょういち,0
ひろまさ,0
まさし,0
ひさちか,0
うきょう,0
げんざぶろう,0
かつのぶ,0
としあき,0
のぶひろ,0
ゆか,1
ともこ,1
ひろや,0
ゆきのぶ,0
のぶよし,0
ときじ,0
しんや,0
みちたか,0
しげふみ,0
あい,1
そうすけ,0
ていじ,0
ゆうじ,0
ひでのり,0
ようこ,1
ふゆき,0
さゆみ,1
みやび,1
かずひろ,0
ともはる,0
きょうあ,0
てつじ,0
よしみ,1
あきお,0
あつや,0
なおあき,0
ぐんいち,0
としみ,1
ちず,1
なおみ,1
しんや,0
ひさし,0
よしとし,0
まさちか,0
よしたけ,0
ふゆき,0
けんじ,0
しげき,0
みさと,1
せいしろう,0
ひでひろ,0
ひろむ,0
ひろみ,1
のぶこ,1
きょうあ,0
ひでゆき,0
こうじ,0
えみ,1
なおみ,1
すみ,1
ともみ,1
まさみ,1
ひでのり,0
れい,1
よういちろう,0
まさき,0
まさひろ,0
とよつぐ,0
りえ,1
みちこ,1
まき,1
つぐお,0
のぞみ,1
ただあき,0
あいさく,0
さやか,1
えいじゅ,0
ながこ,1
りえこ,1
りょういち,0
さわこ,1
のりゆき,0
つねゆき,0
りか,1
さとみ,1
まきこ,1
もとのぶ,0
こういち,0
みつのり,0
りえ,1
ゆうこ,1
とおる,0
ひろやす,0
かつあき,0
ようこ,1
ちせこ,1
みちまさ,0
かつのぶ,0
あい,1
ゆうしろう,0
さんぺい,0
えみ,1
りえ,1
ひでお,0
かずのり,0
ひろひと,0
まき,1
はるみ,1
もとみ,0
のぶえ,1
よししげ,0
もとおみ,0
あゆみ,1
とりぞう,0
すえたか,0
りょうや,0
さちお,0
かんじ,0
たかお,0
かねかず,0
なおみ,1
まさみ,1
あつこ,1
とりぞう,0
よしひで,0
たづこ,1
さちみ,1
ゆうこう,0
しげみ,1
たけひさ,0
ひろゆき,0
みき,1
りさ,1
かずひさ,0
ようのすけ,0
しげとし,0
さちみ,1
としお,0
ふみお,0
くにえ,1
みつえ,1
こうじ,0
ひろえ,1
まり,1
ひでゆき,0
みさと,1
すみ,1
けさお,0
えいぞう,0
こういちろう,0
りえ,1
いちお,0
じゅんろう,0
ともなり,0
ひろはる,0
まこと,1
てつあき,0
たくお,0
じゅんいちろう,0
すみお,0
ゆうか,1
よしのぶ,0
たかしげ,0
みき,1
ゆきむら,0
とよあき,0
ときお,0
きよたか,0
でんざぶろう,0
とくこ,1
けい,1
ゆきろう,0
よしお,0
けんご,0
きみきち,0
ゆうじ,0
ていじ,0
よしお,0
さよこ,1
こはる,1
けいたろう,0
かつみ,0
きちじ,0
まさのぶ,0
しげのぶ,0
とくこ,1
まさひこ,0
ちえ,1
やすひで,0
のりひろ,0
しげつぐ,0
きみのり,0
きみお,0
かつあき,0
りょうこ,1
いさみ,1
あきよし,0
かよこ,1
しげいち,0
やすゆき,0
ひろや,0
まさみ,1
ふゆき,0
まき,1
みさと,1
たいぞう,0
やすぞう,0
きみのり,0
よしえ,1
ひろと,0
れいな,1
まさゆき,0
とみよし,0
りえ,1
しんたろう,0
かつもと,0
なお,1
えいご,0
まちこ,1
たけとし,0
みよ,1
けんご,0
せんじ,0
まさのぶ,0
しげいち,0
まさゆき,0
れいこ,1
せいご,0
とみこ,1
はるゆき,0
あきこ,1
ひでとし,0
ひではる,0
ゆきろう,0
たかひで,0
こはる,1
まさじ,0
ともこ,1
ちえこ,1
としろう,0
けいじ,0
きいちろう,0
しんじ,0
ともえ,1
きしろう,0
あいか,1
ともゆき,0
まきこ,1
やすひで,0
りか,1
ふみお,0
よしあき,0
のぶや,0
じゅんこ,1
よしゆき,0
よしあき,0
かつじ,0
ひでゆき,0
きょうじ,0
じゅんこ,1
よしき,0
たけひさ,0
たつたろう,0
くにお,0
たいぞう,0
なおこ,1
るみこ,1
まきこ,1
ながこ,1
ひろあき,0
ただゆき,0
さとし,0
るみこ,1
くらみ,1
ゆうぞう,0
なおこ,1
すみたか,0
ゆうか,1
さとし,0
みつお,0
のぞみ,1
けんや,0
あつし,0
まり,1
ともこ,1
ひとみ,1
たつたろう,0
ともえ,1
たえこ,1
ゆうたろう,0
ゆきろう,0
まこと,1
みちよし,0
ようのすけ,0
ひろゆき,0
ひろしげ,0
せいや,0
ひろまさ,0
じゅんこ,1
りさ,1
みちかず,0
きよひろ,0
のりひこ,0
てるまさ,0
としお,0
きょうこ,1
ゆうこ,1
りょうや,0
まさてる,0
まさお,0
としのり,0
あつや,0
さんぺい,0
きょうぞう,0
あきお,0
まさのり,0
たけひさ,0
せんじ,0
こうじ,0
かんいち,0
きみのり,0
れな,1
ひろやす,0
りえこ,1
かよこ,1
けんたろう,0
こうすけ,0
ひとみ,1
なみ,1
けい,1
みき,1
ゆう,1
れい,1
かつあき,0
やすたみ,0
くにみ,1
いちお,0
てつじ,0
たいぞう,0
えいじゅ,0
まさひろ,0
もとみ,0
りえこ,1
じょうすけ,0
みさ,1
みつえ,1
のりゆき,0
のぶひろ,0
かずと,0
なみ,1
れい,1
こうじ,0
としこ,1
もとおみ,0
とよつぐ,0
とくひこ,0
しげや,0
かつひで,0
たきこ,1
きんじ,0
こうじ,0
ゆうこ,1
まさみ,1
のりゆき,0
ともあき,0
ひろひと,0
よしあき,0
まさゆき,0
ゆい,1
ただかず,0
でんざぶろう,0
とよし,0
よしまさ,0
なおき,0
しげいち,0
やすのぶ,0
まり,1
としろう,0
よしあき,0
ともみ,1
ともみ,1
きしろう,0
よしお,0
みきお,0
あい,1
ひろみ,1
ひろえ,1
ともこ,1
てつや,0
まさはる,0
しょうこ,1
はるゆき,0
しげお,0
たかお,0
くにみ,1
まき,1
えいき,0
みほこ,1
かずとも,0
みきや,0
のりお,0
しんや,0
かずま,0
まつよ,1
ゆうこ,1
るりこ,1
じゅんた,0
たかよし,0
ちよえ,1
きよひろ,0
のぶひろ,0
まつよ,1
はるひと,0
きしろう,0
えり,1
れいな,1
もとみ,0
かつひろ,0
よしたか,0
せいこ,1
まさのり,0
たかみち,0
こうき,0
まさあき,0
かつあき,0
ともえ,1
かよこ,1
そういち,0
まこと,1
みき,1
ひでかず,0
しょうじ,0
まさたか,0
たかや,0
ゆきお,0
ともみ,1
よししげ,0
やすお,0
かずみ,0
てるよし,0
ひとみ,1
ようこ,1
ただし,0
てるまさ,0
ともこ,1
かずとも,0
しゅんろう,0
としこ,1
みつよし,0
りえ,1
けんじ,0
ふさみ,1
るみこ,1
さとし,0
たかとし,0
しょういち,0
かずま,0
せいいち,0
ひろかず,0
としつぐ,0
まつよ,1
まき,1
ひでひろ,0
よしとし,0
たきこ,1
はるお,0
よしたけ,0
せいじ,0
すみ,1
ようこ,1
りか,1
たかひで,0
ふさみ,1
まさる,0
としお,0
ただすけ,0
ふさみ,1
よしまさ,0
ようじ,0
はるみ,1
はるひと,0
すみ,1
やすみ,1
えみ,1
みき,1
はるみ,1
やすお,0
よしとし,0
いくぞう,0
むねし,0
つねひろ,0
みのぶ,0
みはる,1
やすみ,1
みつえ,1
はんすけ,0
いっせい,0
さだじ,0
ゆうか,1
ともはる,0
よしみ,0
るりこ,1
まさえ,0
りか,1
もとひさ,0
あやこ,1
つねゆき,0
たけし,0
かずみ,0
まさあき,0
ゆきひろ,0
まこと,1
ようこ,1
かねのり,0
ともこ,1
れな,1
たかみち,0
のりお,0
しげふみ,0
うめたろう,0
ともこ,1
けいじ,0
しげゆき,0
さとる,0
なつこ,1
ちせこ,1
りか,1
ひろしげ,0
ひさや,0
ひろやす,0
ぐんいち,0
のりひこ,0
てつや,0
せいしろう,0
よしひろ,0
ぎんのすけ,0
しげみ,1
かずのり,0
やすじ,0
まゆみ,1
よりふみ,0
りか,1
ちえ,1
たづこ,1
やすみつ,0
ともえ,1
てるまさ,0
としお,0
しげいち,0
あきよし,0
しげざぶろう,0
ゆうしろう,0
あやこ,1
たかし,0
いっせい,0
じゅんいちろう,0
ゆうこ,1
えりこ,1
みほこ,1
ゆみ,1
はるじ,0
よしのり,0
さとる,0
じゅんこ,1
よしや,0
まさみ,1
わきこ,1
えつこ,1
しげや,0
えみ,1
かねのり,0
しずえ,1
あきひろ,0
とみこ,1
なおこ,1
こうき,0
てるまさ,0
けんじ,0
なつこ,1
いさお,0
まり,1
くにみ,1
ともはる,0
とみお,0
えみ,1
るみこ,1
さだじ,0
ゆうこう,0
ゆうみ,1
ゆきお,0
みやび,1
ともみ,1
なおみ,1
えりこ,1
せいしろう,0
よしみ,1
ゆきのぶ,0
あすか,1
ゆり,1
てつじ,0
もとひさ,0
かねよし,0
なつこ,1
りきや,0
よしひろ,0
やすたみ,0
けさお,0
ようこ,1
ひろあき,0
あつなり,0
のぞみ,1
のぶえ,1
きくこ,1
じょうすけ,0
けんじ,0
なおこ,1
もりかつ,0
まき,1
ゆき,1
せんじ,0
さちお,0
さちみ,1
よしくに,0
なりみ,1
さとし,0
いそえ,1
しんぺい,0
ひろまさ,0
ともたか,0
みつえ,1
かずひろ,0
よしお,0
まさみつ,0
はるひと,0
えいのすけ,0
ひろと,0
よしとし,0
くらみ,1
たかこ,1
たけいち,0
みさと,1
みちお,0
よしひろ,0
ときじ,0
ひこよし,0
まこと,1
みき,1
えり,1
あいじろう,0
たかや,0
しげいち,0
しな,1
こうじ,0
いくぞう,0
あきひろ,0
しょうじろう,0
くらみ,1
ゆきこ,1
いそえ,1
ただかず,0
せいじ,0
ゆうこ,1
ひろひと,0
ひでのり,0
やすみつ,0
よしひろ,0
しゅんじ,0
のぶお,0
よしお,0
ゆういちろう,0
まき,1
あきお,1
さやか,1
ときお,0
かんいち,0
ためいちろう,0
ゆうじろう,0
たくじ,0
としのり,0
もとひさ,0
はじめ,0
よしや,0
たけし,0
なおこ,1
むねし,0
ともみ,1
よしかつ,0
ひろのり,0
かつひで,0
ひろし,0
きみのり,0
そうすけ,0
とみこ,1
ちよえ,1
こうじ,0
ひろひと,0
きよみ,1
まさのり,0
のぶや,0
たみこ,1
つばさ,0
あゆみ,1
れい,1
ともこ,1
やすゆき,0
あや,1
ゆうみ,1
みきお,0
しげざぶろう,0
しょうへい,0
あすか,1
かずひさ,0
あいじろう,0
れいや,0
そうすけ,0
たかあき,0
ひろゆき,0
つとむ,0
なつみ,1
ようこ,1
かずき,0
そうざぶろう,0
くにお,0
はるお,0
のりしげ,0
ゆうこ,1
よしあき,0
みき,1
いさお,0
きよしげ,0
かつもと,0
なおみ,1
よしのぶ,0
としえ,1
ゆうこ,1
あきよ,1
けいじ,0
みつのり,0
はるお,0
とらのすけ,0
もへい,0
れい,1
よういちろう,0
みつのり,0
いくお,0
きんや,0
さやか,1
くにひろ,0
としやす,0
かくたろう,0
まさのり,0
せいこ,1
かずま,0
こうじ,0
ひさちか,0
さやか,1
ひょうきち,0
ようこ,1
ともえ,1
みつお,0
のぶお,0
ひこよし,0
なお,1
しげよし,0
ゆみ,1
ゆきひろ,0
ゆきお,0
やすお,0
ひとし,0
ゆきお,0
りえ,1
ともよし,0
ゆうみ,1
えいすけ,0
えいじゅ,0
ひろや,0
かねのり,0
ひびき,0
みつほ,0
ていじ,0
けいし,0
きくえ,1
なおたけ,0
ひろまさ,0
きいちろう,0
かつもと,0
さだゆき,0
みち,1
ゆうぞう,0
けいすけ,0
しずお,0
いえつぐ,0
きんじ,0
よししげ,0
たけいち,0
のぶと,0
はるみ,1
あすか,1
さとみ,1
たみこ,1
としろう,0
まさみつ,0
ひろひと,0
たかひで,0
やすお,0
はじめ,0
きょうじ,0
かずみ,0
こうじ,0
よしのり,0
としみつ,0
ゆうたろう,0
みつのり,0
ともたか,0
こうこ,1
けんぞう,0
たえこ,1
こういち,0
しん,1
さわこ,1
ひろと,0
なおこ,1
みき,1
さよこ,1
りゅうじ,0
しゅんろう,0
さよこ,1
みつよし,0
こうたろう,0
ともみ,1
ちず,1
ひとみ,1
しゅうじ,0
つねゆき,0
りょうじ,0
りえこ,1
ひろむ,0
けい,1
いくみ,1
のぞみ,1
まさおみ,0
すみお,0
なおき,0
あい,1
さだお,0
ゆきお,0
あかね,1
けい,1
りえこ,1
なみこ,1
つねゆき,0
きゅうさく,0
ただあき,0
ただひろ,0
ゆきひろ,0
しんいち,0
みつじ,0
よしくに,0
ともゆき,0
よしみ,1
かめお,0
ふさお,0
たけし,0
なみこ,1
ちこと,1
あいじろう,0
ありか,1
ひろよし,0
れいな,1
みき,1
たけひさ,0
としこ,1
まき,1
まさる,0
けい,1
なおゆき,0
じゅんいちろう,0
りえ,1
りさ,1
としみ,1
けんじ,0
としあき,0
まさお,0
れいな,1
ひろえ,1
やすお,0
もとのぶ,0
やすひで,0
まつよ,1
よしのり,0
きんや,0
まさはる,0
よしき,0
しょうじろう,0
きみえ,1
ようじ,0
たみこ,1
もとひさ,0
ひろよし,0
りさ,1
しょうぞう,0
いわみ,1
みち,1
よしちか,0
あきお,0
たけひさ,0
きみきち,0
きわ,1
れいな,1
しょうぞう,0
くらみ,1
よしゆき,0
よしとし,0
みき,1
まさひろ,0
としのり,0
まこと,0
かつのぶ,0
げんざぶろう,0
よしのり,0
みつじ,0
みき,1
ひろゆき,0
まさひろ,0
みやび,1
ひろひと,0
けいすけ,0
りゅうきち,0
のりかつ,0
こうたろう,0
ともあき,0
なおこ,1
たかとし,0
せいご,0
さとし,0
たかし,0
ひでとし,0
たかよし,0
しげや,0
ようこ,1
ともこ,1
さじゅうろう,0
とみこ,1
ひさし,0
りえこ,1
ひろしげ,0
きよひろ,0
りえ,1
としみつ,0
としひろ,0
たけし,0
れいな,1
としこ,1
あきひろ,0
ゆきろう,0
のりお,0
みつのり,0
よしのぶ,0
よしお,0
やすのり,0
ゆう,1
せいいち,0
こうすけ,0
じんざぶろう,0
まさたか,0
かずよ,1
つねひろ,0
たかひろ,0
まつよ,1
よしろう,0
としあき,0
はるひと,0
みちお,0
きよかず,0
まつじろう,0
みさお,0
あつなり,0
きんや,0
しゅんじ,0
しんや,0
みちたか,0
まさし,0
ゆう,1
かつゆき,0
そうざぶろう,0
ひろえ,1
としみ,1
ゆうたろう,0
ゆうこ,1
かんいち,0
おりえ,1
たかまさ,0
なつみ,1
よしつぐ,0
げんざぶろう,0
よししげ,0
しげのぶ,0
はるみ,1
あきら,0
まさお,0
ともこ,1
のりゆき,0
いくみ,1
ゆうこ,1
まき,1
ひとき,0
とくひこ,0
さわこ,1
あやこ,1
つばさ,0
のぶこ,1
とよつぐ,0
よしみ,0
まさひろ,0
しょうじ,0
とみよし,0
じゅんた,0
まもる,0
えいはちろう,0
としお,0
さゆみ,1
けい,1
ゆういちろう,0
としみ,1
きょうこ,1
まさひこ,0
りえ,1
ゆきむら,0
みち,1
たつたろう,0
さじゅうろう,0
のぶこ,1
てつこ,1
なおみ,1
よしひろ,0
ゆう,1
としこ,1
ぐんいち,0
あすか,1
ちえこ,1
けんいち,0
ともはる,0
ふみこ,1
きよたか,0
りえ,1
まさやす,0
ただし,0
てるや,0
けんじ,0
やすぞう,0
ひろむ,0
のりお,0
よしとし,0
ますみ,0
しんご,0
かつと,0
きちじ,0
ちえこ,1
とみこ,1
ともあき,0
としえ,1
れいいち,0
ちず,1
けさお,0
きいちろう,0
みつてる,0
やすへい,0
すみのり,0
はるひと,0
たえこ,1
しげお,0
よしまさ,0
みお,1
しずえ,1
みち,1
なおひろ,0
さちお,0
よしのぶ,0
よしなお,0
しげゆき,0
むねし,0
まさよし,0
ひろひと,0
まさじ,0
やすひで,0
しげのり,0
あきひさ,0
あかね,1
てるこ,1
よしお,0
こうぞう,0
あさみ,1
ながこ,1
よしこ,1
ともえ,1
とみお,0
けいたろう,0
しょうき,0
しずえ,1
しゅんじ,0
ちず,1
えり,1
やすへい,0
まさし,0
さだひさ,0
あきひろ,0
りえ,1
きみのり,0
けんご,0
あつし,0
ようこ,1
きしろう,0
しげよし,0
さやか,1
なおみ,1
のりお,0
ゆきこ,1
ひとき,0
としみ,1
けんや,0
ひでお,0
あゆみ,1
のりお,0
たえこ,1
こうじ,0
ともはる,0
あい,1
ひとき,0
まつじろう,0
ていじ,0
のりひろ,0
ひさえ,1
のりゆき,0
ひでゆき,0
ただかず,0
たもつ,0
みつのり,0
たかし,0
まき,1
けんご,0
しな,1
りか,1
なお,1
りか,1
きみきち,0
じゅんこ,1
きくはる,0
よしみ,0
さだじ,0
ひびき,0
りょうじ,0
さじゅうろう,0
みつえ,1
やすたみ,0
やすし,0
しずえ,1
でんざぶろう,0
のぶお,0
てつこ,1
まさし,0
まさお,0
よしのり,0
かくたろう,0
はるみ,1
うきょう,0
ともお,0
ひろえ,1
あきひろ,0
かおり,1
ともお,0
としじ,0
たかこ,1
さとし,0
えみ,1
なおこ,1
ただし,0
こうこ,1
よしひろ,0
えいすけ,0
よしこ,1
ひさのり,0
はるお,0
じゅんろう,0
ともみ,1
やすのり,0
しんじろう,0
みつほ,0
たかこ,1
みき,1
たけし,0
まさみ,1
ひでのり,0
あきよし,0
つばさ,0
たかよし,0
りえこ,1
たけよし,0
はるみ,1
あすか,1
のぶはる,0
なおたけ,0
しんじ,0
つねひろ,0
れいこ,1
りえこ,1
ゆうぞう,0
とみこ,1
えいぞう,0
しげき,0
けい,1
じゅんこ,1
やすこ,1
まさのり,0
かんいち,0
まこと,1
しんき,0
まさじ,0
ともこ,1
けい,1
そうすけ,0
かつし,0
かずしげ,0
としひろ,0
あきみ,1
きわ,1
そういち,0
ひでとし,0
よしかず,0
せいご,0
ひろやす,0
つぐお,0
ひでかず,0
みつよし,0
たかじ,0
やすたみ,0
はるひと,0
ぎんのすけ,0
しんいち,0
さだじ,0
ともこ,1
まさあき,0
しょうへい,0
たけひさ,0
まさき,0
よしはる,0
てつや,0
ひろひと,0
よしちか,0
きくこ,1
かつあき,0
とよし,0
まさゆき,0
とよあき,0
ともえ,1
しげぞう,0
ひろと,0
けいきち,0
たかしげ,0
まさき,0
なおみ,1
せいじ,0
ゆきお,0
みお,1
はるみ,1
こうじ,0
さだじ,0
とよつぐ,0
としじ,0
とらのすけ,0
ゆうじ,0
きくこ,1
たかこ,1
みき,1
なお,1
しんじろう,0
かずみ,0
ときじ,0
いわみ,1
なおみ,1
よしかつ,0
よしこ,1
よしや,0
そうすけ,0
しげや,0
たかじ,0
ゆきひろ,0
けんじ,0
のぶひろ,0
なお,1
ゆきお,0
のぶよし,0
なみ,1
かつあき,0
そうすけ,0
まさたか,0
りゅうきち,0
ちず,1
えいき,0
よしお,0
かずよし,0
ときお,0
りさ,1
かずと,0
きしろう,0
もりかつ,0
ゆうたろう,0
さじゅうろう,0
よしえ,1
みさと,1
よしちか,0
もとみ,0
まさあき,0
ともみ,1
ながお,0
あきひろ,0
まさみ,1
まさてる,0
ひとみ,1
せいご,0
たきこ,1
まき,1
たかじ,0
たけとし,0
せいや,0
くにひろ,0
りさ,1
ゆきひろ,0
たけいち,0
しゅうきち,0
かずとも,0
かずひろ,0
ようすけ,0
なおみ,1
うきょう,0
なおひろ,0
りえこ,1
あきら,0
たかし,0
かつあき,0
こうざぶろう,0
やすし,0
ふみお,0
さわこ,1
ようすけ,0
しな,1
まさえ,0
たかしげ,0
けさお,0
しょういち,0
りえこ,1
なおこ,1
しんいち,0
かずよ,1
ともえ,1
みつお,0
ゆう,1
きよかず,0
よしみ,0
かずや,0
さよこ,1
つばさ,0
こうじ,0
かめお,0
えり,1
てつじ,0
みき,1
りえこ,1
まさひこ,0
りょうや,0
そういち,0
あや,1
かずひろ,0
ゆり,1
けんじ,0
たかこ,1
ともかつ,0
ゆうしろう,0
そういち,0
しんじ,0
やすのぶ,0
よしろう,0
かめお,0
としこ,1
つばさ,0
たけいち,0
よしなお,0
けい,1
ひとき,0
けい,1
ゆきお,0
あいか,1
なおみ,1
まりこ,1
みつのり,0
はじめ,0
こうすけ,0
あきよし,0
しょういち,0
すみ,1
れい,1
きんや,0
まさみ,1
もとい,0
あきのり,0
ともこ,1
やすお,0
しんぺい,0
よしろう,0
まさちか,0
かつし,0
ゆうこ,1
ひろえ,1
かおり,1
ゆきこ,1
なりお,0
まさたか,0
りえこ,1
よしまさ,0
あや,1
のぶよし,0
しょうき,0
いくぞう,0
まさお,0
しゅうきち,0
はなよ,1
れいこ,0
ゆうこ,1
えいのすけ,0
としえ,1
なお,1
しげいち,0
ようこ,1
かつもと,0
としひこ,0
のりお,0
あさみ,1
みさ,1
よししげ,0
りへい,0
けいすけ,0
るみこ,1
ひさや,0
ともえ,1
ひろひと,0
ゆうみ,1
ちょういちろう,0
もとのぶ,0
ともかつ,0
としひろ,0
しげき,0
れいな,1
ようこ,1
かつのぶ,0
としみ,1
としひと,0
ただひろ,0
そうすけ,0
はんすけ,0
せつみ,1
よしえ,1
なみ,1
ともみ,1
りか,1
ともみ,1
えつこ,1
ともよし,0
ひょうきち,0
ともかつ,0
ひろのり,0
よしあき,0
れな,1
あきみ,1
よしあき,0
ぶんご,0
ゆうこ,1
もとのぶ,0
じゅんこ,1
しょうへい,0
せいや,0
ゆうこ,1
きみお,0
れいな,1
しげとし,0
あや,1
かねのり,0
てるよし,0
ひこよし,0
かずひさ,0
まちこ,1
みえこ,1
たえこ,1
たかし,0
ぜんじ,0
としひと,0
もりかつ,0
かおり,1
りえ,1
もとひさ,0
ともお,0
みち,1
としひろ,0
きよ,1
ちせこ,1
よしかず,0
りょうじ,0
くにひろ,0
ともみ,1
せいや,0
ときお,0
りえこ,1
えみ,1
りか,1
よしはる,0
いっせい,0
かくたろう,0
きくはる,0
ときじ,0
ふさみ,1
てつや,0
ぶんご,0
ゆうたろう,0
としろう,0
まさのぶ,0
ひとし,0
まきこ,1
しずえ,1
まさみつ,0
ともこ,1
れいな,1
なおこ,1
れいな,1
さわこ,1
ひろしげ,0
ゆきお,0
よしくに,0
つとむ,0
よしのり,0
せいじろう,0
しょうじ,0
ちせこ,1
まさはる,0
さとる,0
けんいち,0
とも,1
みやび,1
まさひろ,0
きくはる,0
のぶよし,0
そうすけ,0
のぞみ,1
きょうこ,1
まさふみ,0
ただゆき,0
まこと,1
みさと,1
めぐみ,1
じゅんこ,1
としひこ,0
まりこ,1
まき,1
りへい,0
のぶよし,0
よしひろ,0
ゆうこ,1
ともなり,0
としお,0
よしとし,0
まつよ,1
ともよし,0
あきみ,1
のりしげ,0
かずひさ,0
ひろしげ,0
あつや,0
くにみ,1
ますみ,0
たくじ,0
しょうへい,0
よしかず,0
ともみ,1
みつてる,0
けい,1
えいご,0
ようこ,1
ありか,1
くらみ,1
りょうこ,1
ゆうじろう,0
りか,1
へいさく,0
しゅうきち,0
ときよ,1
あすか,1
まこと,0
りょういち,0
よしひろ,0
たけひさ,0
こうじ,0
ひろし,0
いわみ,1
りえ,1
しょうじ,0
としお,0
まさお,0
とりぞう,0
あきひさ,0
やすし,0
あきお,0
よしお,0
さとみ,1
としみ,1
ともこ,1
ひでじろう,0
しゅんじ,0
のぶはる,0
ひでひろ,0
ひろやす,0
ともこ,1
とみお,0
きんや,0
しんいち,0
あきお,0
よしたか,0
しゅんろう,0
しげき,0
ともお,0
しんいち,0
よしつぐ,0
ゆうこ,1
かつみ,0
ともたか,0
きいちろう,0
しんや,0
かつみ,0
ゆうこ,1
やすひろ,0
あきのり,0
なおき,0
ともこ,1
れい,1
きよ,1
ともよし,0
むつお,0
まさひろ,0
まさひろ,0
よしたけ,0
とも,1
あい,1
けさお,0
ちよえ,1
よしひろ,0
みつよし,0
なおこ,1
えいはちろう,0
よしこ,1
りゅうぞう,0
せんじ,0
やすこ,1
みつお,0
ひではる,0
ともよし,0
たかあき,0
いっせい,0
しんじ,0
たけお,0
よしお,0
のりお,0
さだひさ,0
たえこ,1
しな,1
ますぞう,0
みはる,1
ひょうきち,0
すいせん,0
りょうこ,1
かずのり,0
よりふみ,0
ゆきと,0
きくこ,1
しんご,0
まさとし,0
つとむ,0
しげよし,0
のりゆき,0
こうざぶろう,0
しげのぶ,0
ともなり,0
てつこ,1
ゆか,1
かおり,1
いくぞう,0
つとむ,0
ちこと,1
さとみ,1
まき,1
るみこ,1
あさみ,1
るりこ,1
かねかず,0
しん,1
ともえ,1
きくこ,1
はつみ,1
かずと,0
よしき,0
やすし,0
たけし,0
てつあき,0
みお,1
ようじ,0
かめお,0
ともお,0
ともみ,1
まつよ,1
たかひこ,0
りょうや,0
こうじ,0
もとおみ,0
のぶひろ,0
てるかず,0
つとむ,0
しゅうへい,0
ともみ,1
きくはる,0
としじ,0
しげぞう,0
みえこ,1
よしみ,0
ひろしげ,0
みはる,1
あき,1
とみよし,0
まさのり,0
みきや,0
よしひで,0
みき,1
のぶひろ,0
つねゆき,0
けい,1
けいじ,0
えみ,1
いそえ,1
ひとし,0
かつし,0
えみ,1
いくお,0
あつなり,0
さだお,0
ともよし,0
のぶえ,1
りえ,1
やすひろ,0
かずよし,0
しずお,0
なつこ,1
みさ,1
すえお,0
りえ,1
しずお,0
しんや,0
しな,1
かずや,0
ようこ,1
きょうあ,0
えみ,1
やすたみ,0
ありか,1
なおたけ,0
しげのぶ,0
けいすけ,0
けんたろう,0
ひろみ,1
たけし,0
りさ,1
まき,1
ひろと,0
ゆうこ,1
たけとし,0
たみこ,1
まさお,0
よしあき,0
とよあき,0
そうざぶろう,0
ひでお,0
ひろあき,0
よしふみ,0
かずみ,0
ゆうこ,1
ゆい,1
まき,1
しんじ,0
なりみ,1
やすのり,0
ぶんご,0
ゆうしろう,0
よしひろ,0
のぞみ,1
ただひろ,0
のぶひろ,0
ふみのり,0
のぶこ,1
きょうあ,0
ともお,0
とりぞう,0
ともたか,0
みよ,1
こういち,0
りえこ,1
よしひろ,0
かつひろ,0
くにえ,1
ぐんいち,0
まさのぶ,0
とよつぐ,0
ゆうこ,1
ともみ,1
ひろひと,0
とよあき,0
せつみ,1
てるよし,0
ゆみ,1
かずしげ,0
りか,1
しゅうじ,0
すみのり,0
まつよ,1
よしのり,0
こうたろう,0
まさみ,1
ひとし,0
ゆうぞう,0
まさおみ,0
げんぺい,0
のりひろ,0
みちたか,0
とも,1
あゆみ,1
みき,1
きょうこ,1
ますみ,0
うきょう,0
ひろのり,0
けいたろう,0
よしひろ,0
まこと,1
たづこ,1
あきみ,1
ゆきろう,0
ゆうこ,1
ひろむ,0
しゅんじ,0
さだひさ,0
けいじ,0
ともこ,1
きよひろ,0
くにお,0
よしふみ,0
ともえ,1
よしき,0
ひろし,0
かずと,0
てつあき,0
としやす,0
れいこ,1
たかひで,0
ひろや,0
よしちか,0
みちよし,0
なおみ,1
えいのすけ,0
ともえ,1
かつと,0
のりゆき,0
はるゆき,0
きいちろう,0
のぶよし,0
なみこ,1
ひこよし,0
みつよし,0
まゆみ,1
えいぞう,0
やすし,0
すみお,0
つぐお,0
なお,1
ながこ,1
こうじ,0
あつこ,1
まさみつ,0
ただし,0
よしたか,0
たみこ,1
たかや,0
ていじ,0
ありか,1
あやこ,1
きくはる,0
そういち,0
ひろよし,0
ときお,0
じゅんいちろう,0
やすみつ,0
みつほ,0
ゆうき,0
のぶや,0
こうしろう,0
たけいち,0
さとみ,1
さだじ,0
たかしげ,0
まりこ,1
ゆうか,1
ながこ,1
としやす,0
たづこ,1
こうたろう,0
しんき,0
ちよえ,1
しげつぐ,0
よしひろ,0
みつのり,0
たつお,0
のりあき,0
まさてる,0
げんぺい,0
りゅうぞう,0
とりぞう,0
ゆうじ,0
もりかつ,0
しょうじろう,0
のぞみ,1
のぶや,0
みち,1
ゆりこ,1
あい,1
そうのすけ,0
ゆきひこ,0
のぶえ,1
みつえ,1
のぶこ,1
まさき,0
やすのぶ,0
ゆうこ,1
ともたか,0
みさお,0
ちず,1
さちみ,1
みきお,0
えみ,1
いくみ,1
しんや,0
てつじ,0
かつひろ,0
あゆみ,1
しんじろう,0
まさひろ,0
まさひこ,0
なりお,0
てつあき,0
こうたろう,0
としかつ,0
めぐみ,1
みつお,0
ともえ,1
としひろ,0
よしひろ,0
しんじ,0
つぎお,0
ぎんのすけ,0
よしちか,0
しょうじろう,0
たかまさ,0
ひろき,0
よしまさ,0
ただゆき,0
としえ,1
しずお,0
じゅんじ,0
そうざぶろう,0
まちこ,1
こういち,0
じんざぶろう,0
たかのり,0
たつや,0
かずのり,0
たかとし,0
よしのり,0
りえこ,1
みのぶ,0
のぞみ,1
じゅんこ,1
さだゆき,0
あつし,0
ひろよし,0
こうざぶろう,0
ひでゆき,0
みえこ,1
たかみち,0
のぞみ,1
としお,0
もとみ,0
きんじ,0
ひろみ,1
ようこ,1
こうき,0
かねよし,0
けんじ,0
ゆりこ,1
ゆい,1
ひろみ,1
ひろしげ,0
ひろむ,0
しんや,0
きみのり,0
はるじ,0
りさ,1
すえお,0
きくえ,1
よししげ,0
ひろき,0
まき,1
のぶこ,1
しげつぐ,0
きみきち,0
やすお,0
みき,1
じゅんこ,1
よしちか,0
かずよ,1
すえたか,0
てるまさ,0
ひろひと,0
いえつぐ,0
れいな,1
ためいちろう,0
ふさみ,1
つばさ,0
みき,1
ゆきお,0
ゆきひろ,0
やすぞう,0
まこと,1
せいしろう,0
やすひで,0
ともたか,0
やすのり,0
ひさみ,1
やすのぶ,0
まさゆき,0
のぶと,0
まき,1
たかしげ,0
ながこ,1
しんたろう,0
けさお,0
つとむ,0
ひろし,0
あきら,0
しんじろう,0
ひろまさ,0
ゆうか,1
ひではる,0
ひではる,0
みつてる,0
ようこ,1
すみたか,0
やすゆき,0
ひろみ,1
かつと,0
はんすけ,0
しな,1
ひろし,0
ひろえ,1
たづこ,1
れい,1
ふさみ,1
よしゆき,0
じゅんこ,1
はつみ,1
けんや,0
ゆうじろう,0
まさあき,0
しげゆき,0
さちお,0
よしお,0
れいな,1
たかまさ,0
なおみ,1
けいたろう,0
なおこ,1
よしお,0
よしひで,0
あきひろ,0
しげみ,1
たけし,0
みつよし,0
れいな,1
ゆきむら,0
ゆうこ,1
かつひろ,0
まつじろう,0
れいな,1
みちこ,1
まさひこ,0
かずや,0
とよし,0
ともこ,1
きみえ,1
ひろや,0
ゆりこ,1
たえこ,1
まさやす,0
しげのり,0
ゆういちろう,0
まさやす,0
じゅんこ,1
くにえ,1
たみこ,1
さとし,0
こうこ,1
さやか,1
なおこ,1
ぎんのすけ,0
しょうじろう,0
さゆみ,1
れいこ,1
こうたろう,0
しげお,0
しゅうへい,0
さゆみ,1
みちこ,1
ゆうか,1
ときじ,0
よういちろう,0
やすこ,1
かめお,0
こうじ,0
ひろむ,0
さくこ,1
たかとし,0
りゅうきち,0
けんいち,0
じゅんこ,1
しんじろう,0
れい,1
たかまさ,0
かつあき,0
こういちろう,0
ひとき,0
のぞみ,1
せいご,0
のりお,0
うめたろう,0
まこと,1
えいき,0
よしみ,0
とも,1
あきのり,0
ひろゆき,0
さとし,0
ひろゆき,0
としえ,1
みちひこ,0
ひでひろ,0
きょうあ,0
しんいち,0
でんざぶろう,0
まさのり,0
もとい,0
みよ,1
しずお,0
ぜんじ,0
ゆうこ,1
あき,1
さんぺい,0
ともみ,1
ともなり,0
りゅうきち,0
かずのり,0
じゅんこ,1
よしとし,0
ためいちろう,0
もへい,0
ともみ,1
なおこ,1
はるひと,0
とも,1
ひろゆき,0
てるよし,0
あいじろう,0
みちこ,1
しずえ,1
てるよし,0
としひこ,0
まき,1
あゆみ,1
しげつぐ,0
たつみ,0
たつお,0
さちみ,1
ただし,0
さだじ,0
のぶと,0
ゆきこ,1
ともなり,0
ようこ,1
ますみ,0
ゆうか,1
よしえ,1
ともえ,1
ゆうか,1
ときよ,1
えり,1
しょうじ,0
なおこ,1
みちかず,0
こういちろう,0
やすお,0
きよしげ,0
ようこ,1
せいいち,0
かずよ,1
かつあき,0
しげとし,0
きょうこ,1
のりお,0
はつみ,1
もとい,0
けんや,0
けんいち,0
さとし,0
のぶはる,0
なお,1
ともこ,1
たもつ,0
ゆう,1
ゆきひろ,0
よしかず,0
みち,1
みつえ,1
かつゆき,0
なおゆき,0
ともこ,1
みちたか,0
みちこ,1
ひょうきち,0
しょうこ,1
なおあき,0
ひろひと,0
みき,1
まきこ,1
ちよえ,1
しげよし,0
すみお,0
ちこと,1
のりひろ,0
まちこ,1
ぎんのすけ,0
さんぺい,0
みきお,0
よしはる,0
けんいち,0
よしひこ,0
じゅんこ,1
としひこ,0
ひろやす,0
としつぐ,0
ゆうみ,1
りえ,1
やすへい,0
でんざぶろう,0
なおたけ,0
こうじ,0
ゆうき,0
きしろう,0
ぐんいち,0
ゆうか,1
かずひさ,0
やすたみ,0
ひろし,0
そういち,0
けい,1
まさひろ,0
りえ,1
まつよ,1
まさふみ,0
きみのり,0
こうじ,0
ともみ,1
ひろし,0
ゆうみ,1
のぶお,0
としひろ,0
よしお,0
むつお,0
えみ,1
りょうや,0
ひろし,0
のりかつ,0
けんじ,0
こういちろう,0
ひろき,0
けい,1
ひろお,0
りゅうじ,0
まさじ,0
ちず,1
せいじろう,0
ゆうこ,1
いえつぐ,0
たいぞう,0
しな,1
きょうこ,1
こうすけ,0
ゆきむら,0
せいな,1
しんじろう,0
よしひろ,0
かんじ,0
ともみ,1
つねじ,0
きゅうさく,0
しょうへい,0
まさやす,0
まさる,0
ひろや,0
ひょうきち,0
あかね,1
たかとし,0
ともみ,1
きょうあ,0
よしゆき,0
まちこ,1
やすし,0
さわこ,1
よしとし,0
かつもと,0
あつこ,1
あい,1
えいき,0
いさみ,1
せいじ,0
えみ,1
ゆう,1
あきよ,1
なおあき,0
とみこ,1
れい,1
いえつぐ,0
まさあき,0
たけよし,0
しょうぞう,0
よしえ,1
みちまさ,0
たいぞう,0
りえ,1
えつこ,1
りょうこ,1
まもる,0
まこと,1
こうしろう,0
せいや,0
たくお,0
とも,1
さとし,0
つねじ,0
きみのり,0
まき,1
そうのすけ,0
よういちろう,0
あすか,1
こうこ,1
れいな,1
もとみ,0
まり,1
こういち,0
よしちか,0
ともこ,1
まき,1
こうじ,0
けいし,0
たかひろ,0
こうすけ,0
まさる,0
こうすけ,0
とよつぐ,0
ひでかず,0
ひとみ,1
やすひこ,0
けんぞう,0
しずえ,1
みちこ,1
せいじろう,0
よしこ,1
けいたろう,0
あつや,0
ちえこ,1
あさみ,1
ともゆき,0
れな,1
ゆうしろう,0
ともこ,1
ともみ,1
ただゆき,0
とおる,0
やすひろ,0
まさひろ,0
やすのぶ,0
まさやす,0
ゆみ,1
たかみち,0
しげみ,1
ようすけ,0
とも,1
まさたか,0
ゆきお,0
ひとみ,1
よしろう,0
ひでかず,0
しげざぶろう,0
たつたろう,0
としひこ,0
けいきち,0
のぶや,0
みき,1
しょうへい,0
さわこ,1
さんぺい,0
まさのり,0
はるひと,0
みき,1
たつや,0
としひろ,0
ひろはる,0
まさみつ,0
あきひろ,0
けんいち,0
よしひで,0
ともこ,1
こうじ,0
やすたみ,0
ふみのり,0
せいじろう,0
えつこ,1
ひさみ,1
あい,1
ひろのり,0
りか,1
ひろし,0
としお,0
しんいち,0
れいや,0
みき,1
ひろまさ,0
やすのぶ,0
しょうぞう,0
ひろひと,0
しげふみ,0
かんじ,0
とみこ,1
いそえ,1
みき,1
ともえ,1
ともこ,1
やすゆき,0
さじゅうろう,0
とみよし,0
はるゆき,0
たけとし,0
れいな,1
よしあき,0
やすへい,0
てつじ,0
こはる,1
りゅうぞう,0
ひろし,0
こうじ,0
みはる,1
しな,1
かずと,0
なりみ,1
ちせこ,1
いわみ,1
りさ,1
もとい,0
としかつ,0
しげゆき,0
のりゆき,0
しげざぶろう,0
あつこ,1
ひでひろ,0
さじゅうろう,0
まさふみ,0
りゅうきち,0
しげゆき,0
みほこ,1
ひでかず,0
かおり,1
ぜんじ,0
みつお,0
あや,1
しげのり,0
なりみ,1
つぎお,0
まさのぶ,0
なつこ,1
むつお,0
みつよし,0
としかつ,0
ひろしげ,0
ゆうしろう,0
ふさみ,1
みち,1
すいせん,0
みつえ,1
きよ,1
やすお,0
たつお,0
こうこ,1
しゅんろう,0
しずえ,1
よしのぶ,0
たけお,0
よしろう,0
のぶや,0
きくお,0
みき,1
ひさみ,1
みつよし,0
ともみ,1
あさみ,1
あいか,1
のりしげ,0
やすし,0
もとみ,0
さやか,1
しげとし,0
ともあき,0
たかひで,0
たけし,0
りょうこ,1
かつひで,0
あや,1
まさひこ,0
りょうこ,1
ぜんじ,0
よりふみ,0
よしはる,0
としひこ,0
まさみ,1
ゆうこ,1
みちお,0
よしのり,0
めぐみ,1
たくじ,0
まつじろう,0
なみ,1
いわみ,1
あいか,1
よしくに,0
やすたみ,0
よしお,0
ともたか,0
ともえ,1
すえたか,0
れい,1
ゆうじ,0
のぶや,0
たかこ,1
じゅんた,0
よしゆき,0
たいぞう,0
みつてる,0
みつお,0
いくお,0
ひでじろう,0
こうじ,0
まさおみ,0
かずき,0
ひろしげ,0
たかお,0
やすひろ,0
まさし,0
よしのぶ,0
こうじ,0
いくお,0
せいや,0
たかとし,0
しゅんじ,0
まさじ,0
たかひこ,0
まさよし,0
たつみ,0
ふさお,0
すみお,0
こうじ,0
れいな,1
たけいち,0
こうしろう,0
りょうや,0
ひろゆき,0
れいいち,0
しょうぞう,0
しげいち,0
ますみ,0
なおひろ,0
たづこ,1
やすたみ,0
あきら,0
かずとも,0
しげお,0
かずよ,1
たかや,0
ともはる,0
よしひろ,0
ひろし,0
そうのすけ,0
ゆりこ,1
せんじ,0
ひろと,0
ゆい,1
まつじろう,0
なつこ,1
ひでとし,0
きみお,0
ゆり,1
ひろし,0
たけよし,0
ゆきひろ,0
えりこ,1
りえこ,1
としお,0
やすひで,0
えり,1
ゆうか,1
ゆきお,0
しゅんじ,0
きみきち,0
まり,1
かつし,0
あつや,0
つねゆき,0
あい,1
とみお,0
つとむ,0
かつと,0
しげふみ,0
たつたろう,0
ひろあき,0
もとみ,0
ふみお,0
かずき,0
よしひろ,0
しげお,0
ようのすけ,0
りさ,1
つばさ,0
のりひろ,0
ひろえ,1
さだゆき,0
はるゆき,0
さやか,1
ひとみ,1
ふゆき,0
ひろみ,1
のぶひろ,0
かよこ,1
しげざぶろう,0
かずしげ,0
けんたろう,0
よしなお,0
よしまさ,0
ゆうしろう,0
たみこ,1
ひとみ,1
きょうこ,1
かよこ,1
みつのり,0
ゆきひろ,0
こはる,1
たくじ,0
よしひで,0
しょうじろう,0
くにひろ,0
ちえ,1
そうざぶろう,0
としあき,0
すみたか,0
けんたろう,0
つばさ,0
やすゆき,0
まさおみ,0
はんすけ,0
はるゆき,0
げんぺい,0
みつのり,0
はるじ,0
ゆり,1
ひろき,0
よしあき,0
かつゆき,0
れいこ,1
ゆうこ,1
むねし,0
みちよし,0
あやこ,1
みさと,1
きょうじ,0
なおみ,1
ゆうぞう,0
ゆりこ,1
ふゆき,0
たかこ,1
じょうすけ,0
ひとみ,1
よしのり,0
まさお,0
なみ,1
やすお,0
かずき,0
るみこ,1
いさみ,1
けいじ,0
よしえ,1
えいすけ,0
よしまさ,0
ゆうか,1
あいか,1
よしかず,0
やすみ,1
まさひこ,0
くにえ,1
けいじ,0
よしひで,0
としろう,0
りゅうきち,0
よしたか,0
とおる,0
ゆか,1
みつお,0
りか,1
やすみつ,0
えいき,0
はるじ,0
ようじ,0
しげよし,0
けんや,0
りえこ,1
とみよし,0
しずえ,1
ともえ,1
つぐお,0
くにみ,1
せいご,0
ときよ,1
かめお,0
ひさちか,0
としお,0
まさる,0
えみ,1
ためいちろう,0
たかまさ,0
ゆきのぶ,0
よしまさ,0
ゆい,1
みつお,0
としやす,0
きみのり,0
しげみ,1
やすゆき,0
ともお,0
きみえ,1
ともはる,0
てつじ,0
はるひと,0
ともあき,0
なおゆき,0
ひさのり,0
たつたろう,0
じょうすけ,0
ゆきむら,0
じゅんいちろう,0
みちこ,1
のりゆき,0
ゆうみ,1
しょうへい,0
うきょう,0
たかじ,0
さとし,0
ともみ,1
もとひさ,0
ぎんのすけ,0
よしお,0
まさみ,1
みつてる,0
ためいちろう,0
ひろし,0
しげのぶ,0
ひさし,0
まこと,1
かねのり,0
りょうこ,1
しょうじ,0
なつみ,1
さじゅうろう,0
かよこ,1
なみこ,1
としひこ,0
よしなお,0
よしまさ,0
よししげ,0
るみこ,1
としひろ,0
りえこ,1
れいな,1
ひろのり,0
みちたか,0
かずと,0
たかや,0
しんや,0
ひろお,0
きいちろう,0
えみ,1
まさのり,0
けいじ,0
まさおみ,0
りえ,1
すみお,0
しゅうきち,0
そういち,0
みちたか,0
としかつ,0
くにひろ,0
たけいち,0
そういち,0
はるひと,0
ひろや,0
としろう,0
ともかつ,0
ひろかず,0
さよこ,1
よしくに,0
ぐんいち,0
こうじ,0
はんすけ,0
よりふみ,0
ひろお,0
ちせこ,1
あき,1
りゅうじ,0
たけひさ,0
りさ,1
ともこ,1
いちお,0
まき,1
なおみ,1
ひょうきち,0
れいな,1
しんじろう,0
えいぞう,0
ためいちろう,0
よしのぶ,0
みつよし,0
あきひろ,0
しょうこ,1
ちょういちろう,0
なつみ,1
つぐお,0
まこと,0
いわみ,1
ともこ,1
よしのり,0
しんじ,0
ひでし,0
よしつぐ,0
はるゆき,0
こうじ,0
あつし,0
ひでし,0
てるや,0
よしのぶ,0
まさみ,1
さやか,1
きょうこ,1
みきや,0
としひろ,0
ただゆき,0
なお,1
やすみつ,0
しんじ,0
とおる,0
よしまさ,0
てるまさ,0
みさと,1
さんぺい,0
しげざぶろう,0
けんじ,0
ひろき,0
えり,1
れい,1
しんじ,0
ひろよし,0
かつじ,0
ともあき,0
よしお,0
げんざぶろう,0
やすこ,1
さよこ,1
たかこ,1
ひろお,0
なみ,1
ふゆき,0
ひさえ,1
きいちろう,0
みき,1
ぜんじ,0
かつあき,0
かんいち,0
みよ,1
まさひこ,0
ひろえ,1
かずま,0
あきよし,0
ただすけ,0
としみ,1
やすゆき,0
あいじろう,0
まさみつ,0
よしお,0
たかひで,0
ひさし,0
もとのぶ,0
てるかず,0
きょうあ,0
つねひろ,0
りえ,1
あいか,1
ただゆき,0
なおこ,1
かんじ,0
すみ,1
やすし,0
ひさちか,0
あいか,1
みさと,1
まさおみ,0
ひろき,0
よしみ,1
しげとし,0
たかひろ,0
とりぞう,0
まちこ,1
でんざぶろう,0
かずひろ,0
あきのり,0
ゆうき,0
としひこ,0
よしひさ,0
あきよ,1
うんきち,0
すみ,1
まさのり,0
ゆい,1
ともえ,1
みき,1
ゆうき,0
もとおみ,0
なおゆき,0
りえ,1
さだじ,0
けんいち,0
ひろやす,0
やすのり,0
さやか,1
みえこ,1
あいさく,0
ふみのり,0
なおゆき,0
ひろし,0
ときじ,0
ゆきのぶ,0
としみ,1
なみこ,1
くにひろ,0
さだじ,0
ゆきのぶ,0
りえ,1
はんすけ,0
ともみ,1
としかつ,0
みちお,0
たかのり,0
ともこ,1
ともこ,1
とよし,0
ゆうこ,1
かつのぶ,0
きんや,0
ためいちろう,0
ちょういちろう,0
まさじ,0
あい,1
なみ,1
あつや,0
なおこ,1
えいはちろう,0
さだひさ,0
あきひろ,0
やすお,0
れいな,1
しんたろう,0
さとし,0
りえこ,1
けんや,0
ゆり,1
やすひろ,0
やすお,0
しんいち,0
ともみ,1
かねよし,0
としのり,0
ただし,0
のりひこ,0
よしひこ,0
ひろし,0
もとひさ,0
まき,1
しげや,0
ようじ,0
ひでみつ,0
ひろえ,1
まさひろ,0
ていじ,0
ようのすけ,0
ひろし,0
みきお,0
ひろかず,0
かずや,0
ゆきのぶ,0
みやび,1
やすみつ,0
しゅんじ,0
ひでお,0
まさし,0
りょういち,0
むつお,0
のぶと,0
あきお,0
けんや,0
あきこ,1
まさき,0
よしみ,0
へいさく,0
ひさし,0
せいじ,0
あきひろ,0
ゆい,1
なつこ,1
きくお,0
みきや,0
ひろみ,1
さだひさ,0
てるこ,1
けい,1
じゅんこ,1
としあき,0
えみ,1
ともみ,1
けいじ,0
ゆうこう,0
ただし,0
よしろう,0
しょうへい,0
やすのぶ,0
としつぐ,0
せいや,0
ちえ,1
ただし,0
ともなり,0
ひでお,0
えりこ,1
げんぺい,0
てるまさ,0
えみ,1
めぐみ,1
ひろゆき,0
ゆい,1
みお,1
ともこ,1
たえこ,1
れいな,1
しげゆき,0
えいぞう,0
ひろかず,0
まき,1
ふみこ,1
ただかず,0
ただかず,0
としお,0
かずき,0
しんいち,0
けんじ,0
りゅうぞう,0
ひろえ,1
やすのぶ,0
ようすけ,0
かねのり,0
ともみ,1
なおゆき,0
よしのり,0
ひびき,0
みきお,0
しょうぞう,0
よしちか,0
やすお,0
くにお,0
ときお,0
たかあき,0
みつのり,0
りょういち,0
よしみ,1
のぶひろ,0
けんや,0
やすこ,1
りえこ,1
なおこ,1
よしふみ,0
きよかず,0
いそえ,1
まさとし,0
ゆうこ,1
ますぞう,0
りか,1
としやす,0
ともたか,0
よしゆき,0
なおあき,0
ぎんのすけ,0
のりひろ,0
まさはる,0
せいしろう,0
もとおみ,0
えいき,0
きちじ,0
あきら,0
ようこ,1
かつみ,0
しょうへい,0
みつじ,0
たけお,0
ひではる,0
きよしげ,0
けいたろう,0
あい,1
かつもと,0
たみこ,1
かつあき,0
しんじ,0
なつみ,1
しげつぐ,0
あさみ,1
ともはる,0
こうざぶろう,0
ひょうきち,0
はんすけ,0
ひろむ,0
よしはる,0
みちお,0
まさひろ,0
はなよ,1
りゅうぞう,0
あさみ,1
てつあき,0
ゆうこ,1
みちたか,0
まこと,1
まもる,0
れい,1
ひさし,0
けいすけ,0
たみこ,1
とらのすけ,0
ひろえ,1
よしみ,0
こうしろう,0
のりあき,0
みつお,0
しげふみ,0
としつぐ,0
りょういち,0
すえお,0
たえこ,1
みき,1
しんいち,0
しずお,0
ぶんご,0
ゆうか,1
れいいち,0
まさてる,0
こうたろう,0
ますみ,0
のぞみ,1
あつし,0
しゅうじ,0
ひでひろ,0
ひでのり,0
かつもと,0
こうたろう,0
たかひこ,0
えつこ,1
さだお,0
さとる,0
あいか,1
まさひこ,0
ゆうか,1
みちまさ,0
じょうすけ,0
ひさし,0
ただひろ,0
ようこ,1
かずよ,1
ゆうか,1
けんじ,0
いそえ,1
まさたか,0
えいのすけ,0
りえ,1
しげみ,1
くらみ,1
さんぺい,0
やすお,0
よしひで,0
ますぞう,0
かずよ,1
ひさや,0
ぶんご,0
けい,1
たもつ,0
よしはる,0
としこ,1
のぶお,0
あかね,1
ひろあき,0
れいな,1
けいたろう,0
せいじ,0
ひこよし,0
たかひろ,0
たえこ,1
けんぞう,0
まさじ,0
よしふみ,0
げんぺい,0
つねじ,0
かずとも,0
さとみ,1
まさみつ,0
ひではる,0
たけとし,0
ゆり,1
あかね,1
よしのり,0
ひとみ,1
えいぞう,0
ひさみ,1
あゆみ,1
もとみ,0
ときお,0
よしひこ,0
きくお,0
しんき,0
あき,1
てるこ,1
ちこと,1
まさお,0
あきひろ,0
けいたろう,0
えいご,0
れい,1
ゆうしろう,0
りさ,1
よしひろ,0
なおたけ,0
えいぞう,0
れな,1
そういち,0
こういちろう,0
みき,1
としお,0
さとみ,1
たかし,0
ありか,1
とみこ,1
しゅんろう,0
しんたろう,0
せつみ,1
たくじ,0
ときじ,0
ちよえ,1
きみきち,0
せいしろう,0
つねゆき,0
じゅんじ,0
りえ,1
みき,1
のぶひろ,0
もとい,0
はるじ,0
よしひろ,0
ひょうきち,0
わきこ,1
りゅうぞう,0
けんじ,0
じゅんこ,1
しげき,0
たかや,0
けいじ,0
たくじ,0
ひとみ,1
りゅうきち,0
きくはる,0
そうのすけ,0
ひろや,0
やすし,0
すみお,0
ゆき,1
まさじ,0
のぶはる,0
きみえ,1
のぶや,0
しんぺい,0
のりお,0
ともお,0
りか,1
まさたか,0
としかつ,0
ともこ,1
みのぶ,0
としひこ,0
ちえこ,1
まさえ,0
あきひろ,0
えりこ,1
れな,1
よしお,0
としお,0
りか,1
よしゆき,0
しんたろう,0
かずよ,1
ゆうこう,0
きょうじ,0
すいせん,0
いわみ,1
ときじ,0
みつほ,0
しょういち,0
とよあき,0
わきこ,1
ひろゆき,0
ゆうたろう,0
のぶや,0
やすお,0
こうじ,0
かずと,0
まき,1
あいさく,0
てるこ,1
みちお,0
すいせん,0
こうき,0
たかのり,0
ともよし,0
りへい,0
るみこ,1
ともお,0
ながこ,1
ゆうか,1
ひろゆき,0
まさみつ,0
まさとし,0
よしお,0
みはる,1
まこと,1
すえお,0
くにみ,1
りえ,1
あき,1
とよし,0
たかあき,0
とよし,0
ひろまさ,0
しんぺい,0
たえこ,1
さだお,0
さだひさ,0
けんじ,0
あゆみ,1
けいすけ,0
まさのぶ,0
ともこ,1
きょうあ,0
あきよし,0
やすひで,0
あきお,1
るみこ,1
ただあき,0
げんぺい,0
いそえ,1
なおゆき,0
ひでみつ,0
のりお,0
るりこ,1
とおる,0
えみ,1
れい,1
こういち,0
れいな,1
なおみ,1
としひこ,0
しんき,0
よしひで,0
まつじろう,0
きしろう,0
かずま,0
のりお,0
さじゅうろう,0
よういちろう,0
あきみ,1
みさお,0
まさる,0
たけし,0
よしたか,0
いくお,0
えみ,1
のぶひろ,0
きょうあ,0
すえお,0
やすお,0
たかや,0
しげのり,0
ゆうか,1
あきら,0
のぞみ,1
よしみ,0
げんざぶろう,0
しげよし,0
ゆか,1
たけし,0
けいたろう,0
しげいち,0
えり,1
ただすけ,0
けいじ,0
やすたみ,0
しげざぶろう,0
ようこ,1
かずと,0
ときよ,1
いちお,0
やすたみ,0
ひろはる,0
はるお,0
たかや,0
しげお,0
かつと,0
むねし,0
よしこ,1
やすひこ,0
のぞみ,1
ただし,0
あき,1
あきお,0
いくお,0
ふみゆき,0
たけお,0
てるこ,1
かずと,0
なおこ,1
ためいちろう,0
よしひろ,0
よしまさ,0
はなよ,1
ふみこ,1
おりえ,1
あきら,0
くにお,0
せいじ,0
やすへい,0
ようこ,1
ひろと,0
さちお,0
えいのすけ,0
さゆみ,1
まこと,0
よしひろ,0
たかじ,0
ひろかず,0
ともえ,1
さゆみ,1
よししげ,0
たづこ,1
ふみ,1
けんいち,0
たつお,0
よしまさ,0
みさお,0
かつのぶ,0
かつし,0
ひろひと,0
たかし,0
きみのり,0
としひこ,0
よしみ,0
ひとし,0
ようじ,0
としじ,0
たかしげ,0
あい,1
ぶんご,0
まり,1
ともみ,1
のりお,0
たかのり,0
あきお,1
よしお,0
ようすけ,0
まさゆき,0
まき,1
きわ,1
あすか,1
よしろう,0
せいご,0
なおたけ,0
のりあき,0
まさお,0
はるゆき,0
れい,1
ひろみ,1
こうぞう,0
くらみ,1
ひろと,0
ひさちか,0
ひろひと,0
ゆうじ,0
りきや,0
そうのすけ,0
つとむ,0
くにえ,1
ひろまさ,0
きょうぞう,0
あきら,0
たつや,0
のりゆき,0
けいきち,0
あきよ,1
ひでひろ,0